#0 building with "default" instance using docker driver

#1 [internal] load build definition from Dockerfile.ubuntu
#1 transferring dockerfile:
#1 transferring dockerfile: 3.45kB 0.3s done
#1 DONE 0.4s

#2 [internal] load metadata for docker.io/library/ubuntu:24.04
#2 DONE 0.4s

#3 [internal] load .dockerignore
#3 transferring context:
#3 transferring context: 596B 0.3s done
#3 DONE 0.4s

#4 [internal] load build context
#4 DONE 0.0s

#5 [ 1/11] FROM docker.io/library/ubuntu:24.04@sha256:4fbb8e6a8395de5a7550b33509421a2bafbc0aab6c06ba2cef9ebffbc7092d90
#5 resolve docker.io/library/ubuntu:24.04@sha256:4fbb8e6a8395de5a7550b33509421a2bafbc0aab6c06ba2cef9ebffbc7092d90 0.1s done
#5 DONE 0.2s

#5 [ 1/11] FROM docker.io/library/ubuntu:24.04@sha256:4fbb8e6a8395de5a7550b33509421a2bafbc0aab6c06ba2cef9ebffbc7092d90
#5 CACHED

#4 [internal] load build context
#4 transferring context: 53.04kB 4.8s
#4 transferring context: 144.99kB 8.4s done
#4 DONE 8.5s

#6 [ 2/11] RUN apt-get update && apt-get install -y --no-install-recommends     curl ca-certificates build-essential pkg-config libssl-dev git unzip     sudo util-linux passwd cron init-system-helpers     nodejs npm python3 python3-pip pipx ruby
#6 1.168 Get:1 http://security.ubuntu.com/ubuntu noble-security InRelease [126 kB]
#6 1.253 Get:2 http://archive.ubuntu.com/ubuntu noble InRelease [256 kB]
#6 1.741 Get:3 http://security.ubuntu.com/ubuntu noble-security/multiverse amd64 Packages [50.0 kB]
#6 1.857 Get:4 http://archive.ubuntu.com/ubuntu noble-updates InRelease [126 kB]
#6 1.879 Get:5 http://security.ubuntu.com/ubuntu noble-security/universe amd64 Packages [1524 kB]
#6 2.002 Get:6 http://archive.ubuntu.com/ubuntu noble-backports InRelease [126 kB]
#6 2.354 Get:7 http://archive.ubuntu.com/ubuntu noble/restricted amd64 Packages [117 kB]
#6 2.385 Get:8 http://archive.ubuntu.com/ubuntu noble/main amd64 Packages [1808 kB]
#6 2.469 Get:9 http://security.ubuntu.com/ubuntu noble-security/main amd64 Packages [1153 kB]
#6 2.666 Get:10 http://security.ubuntu.com/ubuntu noble-security/restricted amd64 Packages [1657 kB]
#6 3.117 Get:11 http://archive.ubuntu.com/ubuntu noble/universe amd64 Packages [19.3 MB]
#6 6.666 Get:12 http://archive.ubuntu.com/ubuntu noble/multiverse amd64 Packages [331 kB]
#6 6.702 Get:13 http://archive.ubuntu.com/ubuntu noble-updates/main amd64 Packages [1478 kB]
#6 6.892 Get:14 http://archive.ubuntu.com/ubuntu noble-updates/restricted amd64 Packages [1768 kB]
#6 7.101 Get:15 http://archive.ubuntu.com/ubuntu noble-updates/universe amd64 Packages [2141 kB]
#6 7.730 Get:16 http://archive.ubuntu.com/ubuntu noble-updates/multiverse amd64 Packages [55.8 kB]
#6 8.058 Get:17 http://archive.ubuntu.com/ubuntu noble-backports/universe amd64 Packages [35.9 kB]
#6 8.098 Get:18 http://archive.ubuntu.com/ubuntu noble-backports/multiverse amd64 Packages [671 B]
#6 8.098 Get:19 http://archive.ubuntu.com/ubuntu noble-backports/main amd64 Packages [48.9 kB]
#6 9.114 Fetched 32.1 MB in 8s (3978 kB/s)
#6 9.114 Reading package lists...
#6 11.56 Reading package lists...
#6 14.09 Building dependency tree...
#6 14.68 Reading state information...
#6 15.46 util-linux is already the newest version (2.39.3-9ubuntu6.5).
#6 15.46 passwd is already the newest version (1:4.13+dfsg1-4ubuntu3.2).
#6 15.46 init-system-helpers is already the newest version (1.66ubuntu1).
#6 15.46 The following additional packages will be installed:
#6 15.46   adduser binutils binutils-common binutils-x86-64-linux-gnu bzip2 cpp cpp-13
#6 15.46   cpp-13-x86-64-linux-gnu cpp-x86-64-linux-gnu cron-daemon-common dpkg-dev
#6 15.46   eslint g++ g++-13 g++-13-x86-64-linux-gnu g++-x86-64-linux-gnu gcc gcc-13
#6 15.46   gcc-13-base gcc-13-x86-64-linux-gnu gcc-x86-64-linux-gnu git-man gyp
#6 15.46   handlebars libapparmor1 libargon2-1 libasan8 libatomic1 libbinutils
#6 15.46   libbrotli1 libbsd0 libc-bin libc-dev-bin libc6 libc6-dev libcares2 libcc1-0
#6 15.46   libcrypt-dev libcryptsetup12 libctf-nobfd0 libctf0 libcurl3t64-gnutls
#6 15.46   libcurl4t64 libdevmapper1.02.1 libdpkg-perl libedit2 liberror-perl libexpat1
#6 15.46   libfdisk1 libgcc-13-dev libgdbm-compat4t64 libgdbm6t64 libgomp1 libgprofng0
#6 15.46   libgssapi-krb5-2 libhwasan0 libicu74 libisl23 libitm1 libjansson4
#6 15.46   libjs-async libjs-events libjs-inherits libjs-is-typedarray libjs-prettify
#6 15.46   libjs-regenerate libjs-source-map libjs-sprintf-js
#6 15.46   libjs-typedarray-to-buffer libjs-util libjson-c5 libk5crypto3 libkeyutils1
#6 15.46   libkmod2 libkrb5-3 libkrb5support0 libldap2 liblsan0 libmpc3 libmpfr6
#6 15.46   libncurses6 libncursesw6 libnghttp2-14 libnode-dev libnode109 libperl5.38t64
#6 15.46   libpkgconf3 libpsl5t64 libpython3-stdlib libpython3.12-minimal
#6 15.46   libpython3.12-stdlib libquadmath0 libreadline8t64 librtmp1 libruby
#6 15.46   libruby3.2 libsasl2-2 libsasl2-modules-db libsframe1 libsqlite3-0 libssh-4
#6 15.46   libssl3t64 libstdc++-13-dev libsystemd-shared libsystemd0 libtinfo6 libtsan2
#6 15.46   libubsan1 libudev1 libuv1-dev libuv1t64 libyaml-0-2 linux-libc-dev
#6 15.47   lto-disabled-list make media-types ncurses-base ncurses-bin netbase
#6 15.47   node-abbrev node-acorn node-agent-base node-ajv node-ajv-keywords
#6 15.47   node-ampproject-remapping node-ansi-escapes node-ansi-regex node-ansi-styles
#6 15.47   node-anymatch node-aproba node-archy node-are-we-there-yet node-argparse
#6 15.47   node-arrify node-assert node-async node-async-each
#6 15.47   node-babel-helper-define-polyfill-provider
#6 15.47   node-babel-plugin-add-module-exports node-babel-plugin-lodash
#6 15.47   node-babel-plugin-polyfill-corejs2 node-babel-plugin-polyfill-corejs3
#6 15.47   node-babel-plugin-polyfill-regenerator node-babel7 node-babel7-runtime
#6 15.47   node-balanced-match node-base64-js node-binary-extensions
#6 15.47   node-brace-expansion node-braces node-browserslist node-builtins node-busboy
#6 15.47   node-cacache node-camelcase node-caniuse-lite node-chalk node-chokidar
#6 15.47   node-chownr node-chrome-trace-event node-ci-info node-cjs-module-lexer
#6 15.47   node-cli-table node-cliui node-clone node-clone-deep node-color-convert
#6 15.47   node-color-name node-colors node-columnify node-commander node-commondir
#6 15.47   node-concat-stream node-console-control-strings node-convert-source-map
#6 15.47   node-copy-concurrently node-core-js node-core-js-compat node-core-js-pure
#6 15.47   node-core-util-is node-css-loader node-css-selector-tokenizer
#6 15.47   node-data-uri-to-buffer node-debbundle-es-to-primitive node-debug
#6 15.47   node-decamelize node-decompress-response node-deep-equal node-deep-is
#6 15.47   node-defaults node-define-properties node-define-property node-defined
#6 15.47   node-del node-delegates node-depd node-diff node-doctrine
#6 15.47   node-electron-to-chromium node-encoding node-end-of-stream
#6 15.47   node-enhanced-resolve node-err-code node-errno node-error-ex
#6 15.47   node-es-abstract node-es-module-lexer node-es6-error
#6 15.47   node-escape-string-regexp node-escodegen node-eslint-scope node-eslint-utils
#6 15.47   node-eslint-visitor-keys node-espree node-esprima node-esquery
#6 15.47   node-esrecurse node-estraverse node-esutils node-events node-fancy-log
#6 15.47   node-fast-deep-equal node-fast-levenshtein node-fetch node-file-entry-cache
#6 15.47   node-fill-range node-find-cache-dir node-find-up node-flat-cache
#6 15.47   node-flatted node-for-in node-for-own node-foreground-child
#6 15.47   node-fs-readdir-recursive node-fs-write-stream-atomic node-fs.realpath
#6 15.47   node-function-bind node-functional-red-black-tree node-gauge
#6 15.47   node-get-caller-file node-get-stream node-glob node-glob-parent node-globals
#6 15.47   node-globby node-got node-graceful-fs node-gyp node-has-flag
#6 15.47   node-has-unicode node-hosted-git-info node-http-proxy-agent
#6 15.47   node-https-proxy-agent node-iconv-lite node-icss-utils node-ieee754
#6 15.47   node-iferr node-ignore node-imurmurhash node-indent-string node-inflight
#6 15.47   node-inherits node-ini node-interpret node-ip node-ip-regex node-is-arrayish
#6 15.47   node-is-binary-path node-is-buffer node-is-descriptor node-is-extendable
#6 15.47   node-is-extglob node-is-glob node-is-number node-is-path-cwd
#6 15.47   node-is-path-inside node-is-plain-obj node-is-plain-object node-is-stream
#6 15.47   node-is-typedarray node-is-windows node-isarray node-isexe node-isobject
#6 15.47   node-istanbul node-jest-debbundle node-jest-worker node-js-tokens
#6 15.47   node-js-yaml node-jsesc node-json-buffer node-json-parse-better-errors
#6 15.47   node-json-schema node-json-schema-traverse node-json-stable-stringify
#6 15.47   node-json5 node-jsonify node-jsonparse node-kind-of node-levn
#6 15.47   node-loader-runner node-locate-path node-lodash node-lodash-packages
#6 15.47   node-lowercase-keys node-lru-cache node-make-dir node-memfs node-memory-fs
#6 15.47   node-merge-stream node-micromatch node-mime node-mime-types
#6 15.47   node-mimic-response node-minimatch node-minimist node-minipass node-mkdirp
#6 15.47   node-move-concurrently node-ms node-mute-stream node-n3 node-negotiator
#6 15.47   node-neo-async node-nopt node-normalize-package-data node-normalize-path
#6 15.47   node-npm-bundled node-npm-package-arg node-npm-run-path node-npmlog
#6 15.47   node-object-assign node-object-inspect node-once node-optimist
#6 15.47   node-optionator node-osenv node-p-cancelable node-p-limit node-p-locate
#6 15.47   node-p-map node-parse-json node-path-dirname node-path-exists
#6 15.47   node-path-is-absolute node-path-is-inside node-path-type node-picocolors
#6 15.47   node-pify node-pkg-dir node-postcss node-postcss-modules-extract-imports
#6 15.47   node-postcss-modules-values node-postcss-value-parser node-prelude-ls
#6 15.47   node-process-nextick-args node-progress node-promise-inflight
#6 15.47   node-promise-retry node-promzard node-prr node-pump node-punycode
#6 15.47   node-quick-lru node-randombytes node-read node-read-package-json
#6 15.47   node-read-pkg node-readable-stream node-readdirp node-rechoir
#6 15.47   node-regenerate node-regenerate-unicode-properties node-regenerator-runtime
#6 15.47   node-regenerator-transform node-regexpp node-regexpu-core node-regjsgen
#6 15.47   node-regjsparser node-repeat-string node-require-directory node-resolve
#6 15.47   node-resolve-cwd node-resolve-from node-resumer node-retry node-rimraf
#6 15.47   node-run-queue node-safe-buffer node-schema-utils node-semver
#6 15.47   node-serialize-javascript node-set-blocking node-set-immediate-shim
#6 15.47   node-shebang-command node-shebang-regex node-signal-exit node-slash
#6 15.47   node-slice-ansi node-source-list-map node-source-map node-source-map-support
#6 15.47   node-spdx-correct node-spdx-exceptions node-spdx-expression-parse
#6 15.47   node-spdx-license-ids node-sprintf-js node-ssri node-string-decoder
#6 15.47   node-string-width node-strip-ansi node-strip-bom node-strip-json-comments
#6 15.47   node-supports-color node-tapable node-tape node-tar node-terser
#6 15.47   node-text-table node-through node-time-stamp node-to-fast-properties
#6 15.47   node-to-regex-range node-tslib node-type-check node-typedarray
#6 15.47   node-typedarray-to-buffer node-undici
#6 15.47   node-unicode-canonical-property-names-ecmascript
#6 15.47   node-unicode-match-property-ecmascript
#6 15.47   node-unicode-match-property-value-ecmascript
#6 15.47   node-unicode-property-aliases-ecmascript node-unique-filename node-uri-js
#6 15.47   node-util node-util-deprecate node-uuid node-v8-compile-cache node-v8flags
#6 15.47   node-validate-npm-package-license node-validate-npm-package-name
#6 15.47   node-watchpack node-wcwidth.js node-webassemblyjs node-webpack-sources
#6 15.47   node-which node-wide-align node-wordwrap node-wrap-ansi node-wrappy
#6 15.47   node-write node-write-file-atomic node-xtend node-y18n node-yallist
#6 15.47   node-yargs node-yargs-parser openssl patch perl perl-base perl-modules-5.38
#6 15.47   pkgconf pkgconf-bin python3-argcomplete python3-click python3-colorama
#6 15.47   python3-minimal python3-packaging python3-pip-whl python3-pkg-resources
#6 15.47   python3-platformdirs python3-setuptools python3-setuptools-whl python3-six
#6 15.47   python3-userpath python3-venv python3-wheel python3.12 python3.12-minimal
#6 15.47   python3.12-venv rake readline-common rpcsvc-proto ruby-net-telnet
#6 15.47   ruby-rubygems ruby-sdbm ruby-webrick ruby-xmlrpc ruby3.2
#6 15.47   rubygems-integration systemd systemd-dev terser tzdata webpack xz-utils
#6 15.47 Suggested packages:
#6 15.47   liblocale-gettext-perl quota ecryptfs-utils binutils-doc gprofng-gui
#6 15.47   bzip2-doc cpp-doc gcc-13-locales cpp-13-doc anacron logrotate checksecurity
#6 15.47   supercat default-mta | mail-transport-agent debian-keyring node-babel-eslint
#6 15.47   node-esprima-fb node-inquirer g++-multilib g++-13-multilib gcc-13-doc
#6 15.47   gcc-multilib manpages-dev autoconf automake libtool flex bison gdb gcc-doc
#6 15.47   gcc-13-multilib gdb-x86-64-linux-gnu gettext-base git-daemon-run
#6 15.47   | git-daemon-sysvinit git-doc git-email git-gui gitk gitweb git-cvs
#6 15.47   git-mediawiki git-svn manpages glibc-doc locales libnss-nis libnss-nisplus
#6 15.47   gnupg | sq | sqop | pgpainless-cli | sequoia-chameleon-gnupg bzr gdbm-l10n
#6 15.47   krb5-doc krb5-user libjs-angularjs libssl-doc libstdc++-13-doc make-doc
#6 15.47   node-babel-plugin-polyfill-es-shims node-babel7-debug javascript-common
#6 15.47   livescript chai node-jest-diff node-opener ed diffutils-doc perl-doc
#6 15.47   libterm-readline-gnu-perl | libterm-readline-perl-perl
#6 15.47   libtap-harness-archive-perl python3-doc python3-tk python-setuptools-doc
#6 15.47   python3.12-doc binfmt-support readline-doc ri ruby-dev bundler
#6 15.47   systemd-container systemd-homed systemd-userdbd systemd-boot libfido2-1
#6 15.47   libip4tc2 libqrencode4 libtss2-esys-3.0.2-0 libtss2-mu-4.0.1-0 libtss2-rc0
#6 15.47   libtss2-tcti-device0 polkitd zip
#6 15.47 Recommended packages:
#6 15.47   fakeroot gnupg | sq | sqop | pgpainless-cli | sequoia-chameleon-gnupg
#6 15.47   libalgorithm-merge-perl less ssh-client manpages manpages-dev libc-devtools
#6 15.47   dmsetup libfile-fcntllock-perl liblocale-gettext-perl javascript-common
#6 15.47   krb5-locales libldap-common libgpm2 publicsuffix libsasl2-modules node-re2
#6 15.47   node-require-from-string nodejs-doc node-tap python3-dev python3-psutil zip
#6 15.47   fonts-lato libjs-jquery default-dbus-system-bus | dbus-system-bus
#6 15.47   networkd-dispatcher systemd-timesyncd | time-daemon systemd-resolved
#6 22.06 The following NEW packages will be installed:
#6 22.06   adduser binutils binutils-common binutils-x86-64-linux-gnu build-essential
#6 22.06   bzip2 ca-certificates cpp cpp-13 cpp-13-x86-64-linux-gnu
#6 22.06   cpp-x86-64-linux-gnu cron cron-daemon-common curl dpkg-dev eslint g++ g++-13
#6 22.06   g++-13-x86-64-linux-gnu g++-x86-64-linux-gnu gcc gcc-13 gcc-13-base
#6 22.06   gcc-13-x86-64-linux-gnu gcc-x86-64-linux-gnu git git-man gyp handlebars
#6 22.06   libapparmor1 libargon2-1 libasan8 libatomic1 libbinutils libbrotli1 libbsd0
#6 22.06   libc-dev-bin libc6-dev libcares2 libcc1-0 libcrypt-dev libcryptsetup12
#6 22.06   libctf-nobfd0 libctf0 libcurl3t64-gnutls libcurl4t64 libdevmapper1.02.1
#6 22.06   libdpkg-perl libedit2 liberror-perl libexpat1 libfdisk1 libgcc-13-dev
#6 22.06   libgdbm-compat4t64 libgdbm6t64 libgomp1 libgprofng0 libgssapi-krb5-2
#6 22.06   libhwasan0 libicu74 libisl23 libitm1 libjansson4 libjs-async libjs-events
#6 22.06   libjs-inherits libjs-is-typedarray libjs-prettify libjs-regenerate
#6 22.06   libjs-source-map libjs-sprintf-js libjs-typedarray-to-buffer libjs-util
#6 22.06   libjson-c5 libk5crypto3 libkeyutils1 libkmod2 libkrb5-3 libkrb5support0
#6 22.06   libldap2 liblsan0 libmpc3 libmpfr6 libncurses6 libnghttp2-14 libnode-dev
#6 22.06   libnode109 libperl5.38t64 libpkgconf3 libpsl5t64 libpython3-stdlib
#6 22.06   libpython3.12-minimal libpython3.12-stdlib libquadmath0 libreadline8t64
#6 22.06   librtmp1 libruby libruby3.2 libsasl2-2 libsasl2-modules-db libsframe1
#6 22.06   libsqlite3-0 libssh-4 libssl-dev libstdc++-13-dev libsystemd-shared libtsan2
#6 22.06   libubsan1 libuv1-dev libuv1t64 libyaml-0-2 linux-libc-dev lto-disabled-list
#6 22.06   make media-types netbase node-abbrev node-acorn node-agent-base node-ajv
#6 22.06   node-ajv-keywords node-ampproject-remapping node-ansi-escapes
#6 22.06   node-ansi-regex node-ansi-styles node-anymatch node-aproba node-archy
#6 22.06   node-are-we-there-yet node-argparse node-arrify node-assert node-async
#6 22.06   node-async-each node-babel-helper-define-polyfill-provider
#6 22.06   node-babel-plugin-add-module-exports node-babel-plugin-lodash
#6 22.06   node-babel-plugin-polyfill-corejs2 node-babel-plugin-polyfill-corejs3
#6 22.06   node-babel-plugin-polyfill-regenerator node-babel7 node-babel7-runtime
#6 22.06   node-balanced-match node-base64-js node-binary-extensions
#6 22.06   node-brace-expansion node-braces node-browserslist node-builtins node-busboy
#6 22.06   node-cacache node-camelcase node-caniuse-lite node-chalk node-chokidar
#6 22.06   node-chownr node-chrome-trace-event node-ci-info node-cjs-module-lexer
#6 22.06   node-cli-table node-cliui node-clone node-clone-deep node-color-convert
#6 22.06   node-color-name node-colors node-columnify node-commander node-commondir
#6 22.06   node-concat-stream node-console-control-strings node-convert-source-map
#6 22.06   node-copy-concurrently node-core-js node-core-js-compat node-core-js-pure
#6 22.06   node-core-util-is node-css-loader node-css-selector-tokenizer
#6 22.06   node-data-uri-to-buffer node-debbundle-es-to-primitive node-debug
#6 22.06   node-decamelize node-decompress-response node-deep-equal node-deep-is
#6 22.06   node-defaults node-define-properties node-define-property node-defined
#6 22.06   node-del node-delegates node-depd node-diff node-doctrine
#6 22.06   node-electron-to-chromium node-encoding node-end-of-stream
#6 22.06   node-enhanced-resolve node-err-code node-errno node-error-ex
#6 22.06   node-es-abstract node-es-module-lexer node-es6-error
#6 22.06   node-escape-string-regexp node-escodegen node-eslint-scope node-eslint-utils
#6 22.06   node-eslint-visitor-keys node-espree node-esprima node-esquery
#6 22.06   node-esrecurse node-estraverse node-esutils node-events node-fancy-log
#6 22.06   node-fast-deep-equal node-fast-levenshtein node-fetch node-file-entry-cache
#6 22.06   node-fill-range node-find-cache-dir node-find-up node-flat-cache
#6 22.06   node-flatted node-for-in node-for-own node-foreground-child
#6 22.06   node-fs-readdir-recursive node-fs-write-stream-atomic node-fs.realpath
#6 22.06   node-function-bind node-functional-red-black-tree node-gauge
#6 22.06   node-get-caller-file node-get-stream node-glob node-glob-parent node-globals
#6 22.06   node-globby node-got node-graceful-fs node-gyp node-has-flag
#6 22.06   node-has-unicode node-hosted-git-info node-http-proxy-agent
#6 22.06   node-https-proxy-agent node-iconv-lite node-icss-utils node-ieee754
#6 22.06   node-iferr node-ignore node-imurmurhash node-indent-string node-inflight
#6 22.06   node-inherits node-ini node-interpret node-ip node-ip-regex node-is-arrayish
#6 22.06   node-is-binary-path node-is-buffer node-is-descriptor node-is-extendable
#6 22.06   node-is-extglob node-is-glob node-is-number node-is-path-cwd
#6 22.06   node-is-path-inside node-is-plain-obj node-is-plain-object node-is-stream
#6 22.06   node-is-typedarray node-is-windows node-isarray node-isexe node-isobject
#6 22.06   node-istanbul node-jest-debbundle node-jest-worker node-js-tokens
#6 22.06   node-js-yaml node-jsesc node-json-buffer node-json-parse-better-errors
#6 22.06   node-json-schema node-json-schema-traverse node-json-stable-stringify
#6 22.06   node-json5 node-jsonify node-jsonparse node-kind-of node-levn
#6 22.06   node-loader-runner node-locate-path node-lodash node-lodash-packages
#6 22.06   node-lowercase-keys node-lru-cache node-make-dir node-memfs node-memory-fs
#6 22.06   node-merge-stream node-micromatch node-mime node-mime-types
#6 22.06   node-mimic-response node-minimatch node-minimist node-minipass node-mkdirp
#6 22.06   node-move-concurrently node-ms node-mute-stream node-n3 node-negotiator
#6 22.06   node-neo-async node-nopt node-normalize-package-data node-normalize-path
#6 22.06   node-npm-bundled node-npm-package-arg node-npm-run-path node-npmlog
#6 22.06   node-object-assign node-object-inspect node-once node-optimist
#6 22.06   node-optionator node-osenv node-p-cancelable node-p-limit node-p-locate
#6 22.06   node-p-map node-parse-json node-path-dirname node-path-exists
#6 22.06   node-path-is-absolute node-path-is-inside node-path-type node-picocolors
#6 22.06   node-pify node-pkg-dir node-postcss node-postcss-modules-extract-imports
#6 22.06   node-postcss-modules-values node-postcss-value-parser node-prelude-ls
#6 22.06   node-process-nextick-args node-progress node-promise-inflight
#6 22.06   node-promise-retry node-promzard node-prr node-pump node-punycode
#6 22.06   node-quick-lru node-randombytes node-read node-read-package-json
#6 22.06   node-read-pkg node-readable-stream node-readdirp node-rechoir
#6 22.06   node-regenerate node-regenerate-unicode-properties node-regenerator-runtime
#6 22.06   node-regenerator-transform node-regexpp node-regexpu-core node-regjsgen
#6 22.06   node-regjsparser node-repeat-string node-require-directory node-resolve
#6 22.06   node-resolve-cwd node-resolve-from node-resumer node-retry node-rimraf
#6 22.06   node-run-queue node-safe-buffer node-schema-utils node-semver
#6 22.06   node-serialize-javascript node-set-blocking node-set-immediate-shim
#6 22.06   node-shebang-command node-shebang-regex node-signal-exit node-slash
#6 22.06   node-slice-ansi node-source-list-map node-source-map node-source-map-support
#6 22.06   node-spdx-correct node-spdx-exceptions node-spdx-expression-parse
#6 22.06   node-spdx-license-ids node-sprintf-js node-ssri node-string-decoder
#6 22.06   node-string-width node-strip-ansi node-strip-bom node-strip-json-comments
#6 22.06   node-supports-color node-tapable node-tape node-tar node-terser
#6 22.06   node-text-table node-through node-time-stamp node-to-fast-properties
#6 22.06   node-to-regex-range node-tslib node-type-check node-typedarray
#6 22.06   node-typedarray-to-buffer node-undici
#6 22.06   node-unicode-canonical-property-names-ecmascript
#6 22.06   node-unicode-match-property-ecmascript
#6 22.06   node-unicode-match-property-value-ecmascript
#6 22.06   node-unicode-property-aliases-ecmascript node-unique-filename node-uri-js
#6 22.06   node-util node-util-deprecate node-uuid node-v8-compile-cache node-v8flags
#6 22.06   node-validate-npm-package-license node-validate-npm-package-name
#6 22.06   node-watchpack node-wcwidth.js node-webassemblyjs node-webpack-sources
#6 22.06   node-which node-wide-align node-wordwrap node-wrap-ansi node-wrappy
#6 22.06   node-write node-write-file-atomic node-xtend node-y18n node-yallist
#6 22.06   node-yargs node-yargs-parser nodejs npm openssl patch perl perl-modules-5.38
#6 22.06   pipx pkg-config pkgconf pkgconf-bin python3 python3-argcomplete
#6 22.06   python3-click python3-colorama python3-minimal python3-packaging python3-pip
#6 22.06   python3-pip-whl python3-pkg-resources python3-platformdirs
#6 22.06   python3-setuptools python3-setuptools-whl python3-six python3-userpath
#6 22.06   python3-venv python3-wheel python3.12 python3.12-minimal python3.12-venv
#6 22.06   rake readline-common rpcsvc-proto ruby ruby-net-telnet ruby-rubygems
#6 22.06   ruby-sdbm ruby-webrick ruby-xmlrpc ruby3.2 rubygems-integration sudo systemd
#6 22.06   systemd-dev terser tzdata unzip webpack xz-utils
#6 22.06 The following packages will be upgraded:
#6 22.06   libc-bin libc6 libncursesw6 libssl3t64 libsystemd0 libtinfo6 libudev1
#6 22.07   ncurses-base ncurses-bin perl-base
#6 22.37 10 upgraded, 502 newly installed, 0 to remove and 6 not upgraded.
#6 22.37 Need to get 161 MB of archives.
#6 22.37 After this operation, 638 MB of additional disk space will be used.
#6 22.37 Get:1 http://archive.ubuntu.com/ubuntu noble-updates/main amd64 ncurses-bin amd64 6.4+20240113-1ubuntu2.1 [188 kB]
#6 22.88 Get:2 http://archive.ubuntu.com/ubuntu noble-updates/main amd64 perl-base amd64 5.38.2-3.2ubuntu0.3 [1827 kB]
#6 23.27 Get:3 http://archive.ubuntu.com/ubuntu noble-updates/main amd64 libc6 amd64 2.39-0ubuntu8.8 [3262 kB]
#6 23.50 Get:4 http://archive.ubuntu.com/ubuntu noble-updates/main amd64 libc-bin amd64 2.39-0ubuntu8.8 [682 kB]
#6 23.54 Get:5 http://archive.ubuntu.com/ubuntu noble-updates/main amd64 ncurses-base all 6.4+20240113-1ubuntu2.1 [25.7 kB]
#6 23.54 Get:6 http://archive.ubuntu.com/ubuntu noble-updates/main amd64 libssl3t64 amd64 3.0.13-0ubuntu3.12 [1942 kB]
#6 24.39 Get:7 http://archive.ubuntu.com/ubuntu noble-updates/main amd64 libpython3.12-minimal amd64 3.12.3-1ubuntu0.15 [839 kB]
#6 24.40 Get:8 http://archive.ubuntu.com/ubuntu noble-updates/main amd64 libexpat1 amd64 2.6.1-2ubuntu0.4 [88.2 kB]
#6 24.40 Get:9 http://archive.ubuntu.com/ubuntu noble-updates/main amd64 python3.12-minimal amd64 3.12.3-1ubuntu0.15 [2334 kB]
#6 24.43 Get:10 http://archive.ubuntu.com/ubuntu noble-updates/main amd64 python3-minimal amd64 3.12.3-0ubuntu2.1 [27.4 kB]
#6 24.43 Get:11 http://archive.ubuntu.com/ubuntu noble/main amd64 media-types all 10.1.0 [27.5 kB]
#6 24.43 Get:12 http://archive.ubuntu.com/ubuntu noble/main amd64 netbase all 6.4 [13.1 kB]
#6 24.43 Get:13 http://archive.ubuntu.com/ubuntu noble-updates/main amd64 tzdata all 2026c-0ubuntu0.24.04.1 [280 kB]
#6 24.44 Get:14 http://archive.ubuntu.com/ubuntu noble-updates/main amd64 libncursesw6 amd64 6.4+20240113-1ubuntu2.1 [148 kB]
#6 24.44 Get:15 http://archive.ubuntu.com/ubuntu noble-updates/main amd64 libtinfo6 amd64 6.4+20240113-1ubuntu2.1 [108 kB]
#6 24.50 Get:16 http://archive.ubuntu.com/ubuntu noble/main amd64 readline-common all 8.2-4build1 [56.5 kB]
#6 24.68 Get:17 http://archive.ubuntu.com/ubuntu noble/main amd64 libreadline8t64 amd64 8.2-4build1 [153 kB]
#6 24.70 Get:18 http://archive.ubuntu.com/ubuntu noble-updates/main amd64 libsqlite3-0 amd64 3.45.1-1ubuntu2.7 [701 kB]
#6 24.74 Get:19 http://archive.ubuntu.com/ubuntu noble-updates/main amd64 libpython3.12-stdlib amd64 3.12.3-1ubuntu0.15 [2071 kB]
#6 25.21 Get:20 http://archive.ubuntu.com/ubuntu noble-updates/main amd64 python3.12 amd64 3.12.3-1ubuntu0.15 [651 kB]
#6 25.30 Get:21 http://archive.ubuntu.com/ubuntu noble-updates/main amd64 libpython3-stdlib amd64 3.12.3-0ubuntu2.1 [10.1 kB]
#6 25.30 Get:22 http://archive.ubuntu.com/ubuntu noble-updates/main amd64 python3 amd64 3.12.3-0ubuntu2.1 [23.0 kB]
#6 25.30 Get:23 http://archive.ubuntu.com/ubuntu noble-updates/main amd64 libapparmor1 amd64 4.0.1really4.0.1-0ubuntu0.24.04.7 [51.3 kB]
#6 25.30 Get:24 http://archive.ubuntu.com/ubuntu noble/main amd64 libargon2-1 amd64 0~20190702+dfsg-4build1 [20.8 kB]
#6 25.30 Get:25 http://archive.ubuntu.com/ubuntu noble-updates/main amd64 libudev1 amd64 255.4-1ubuntu8.17 [178 kB]
#6 25.30 Get:26 http://archive.ubuntu.com/ubuntu noble-updates/main amd64 libdevmapper1.02.1 amd64 2:1.02.185-3ubuntu3.2 [139 kB]
#6 25.31 Get:27 http://archive.ubuntu.com/ubuntu noble/main amd64 libjson-c5 amd64 0.17-1build1 [35.3 kB]
#6 25.31 Get:28 http://archive.ubuntu.com/ubuntu noble-updates/main amd64 libcryptsetup12 amd64 2:2.7.0-1ubuntu4.2 [266 kB]
#6 25.34 Get:29 http://archive.ubuntu.com/ubuntu noble-updates/main amd64 libfdisk1 amd64 2.39.3-9ubuntu6.5 [146 kB]
#6 25.47 Get:30 http://archive.ubuntu.com/ubuntu noble-updates/main amd64 libkmod2 amd64 31+20240202-2ubuntu7.2 [51.8 kB]
#6 25.47 Get:31 http://archive.ubuntu.com/ubuntu noble-updates/main amd64 libsystemd-shared amd64 255.4-1ubuntu8.17 [2077 kB]
#6 25.98 Get:32 http://archive.ubuntu.com/ubuntu noble-updates/main amd64 libsystemd0 amd64 255.4-1ubuntu8.17 [432 kB]
#6 26.04 Get:33 http://archive.ubuntu.com/ubuntu noble-updates/main amd64 systemd-dev all 255.4-1ubuntu8.17 [107 kB]
#6 26.05 Get:34 http://archive.ubuntu.com/ubuntu noble-updates/main amd64 systemd amd64 255.4-1ubuntu8.17 [3475 kB]
#6 26.18 Get:35 http://archive.ubuntu.com/ubuntu noble/main amd64 adduser all 3.137ubuntu1 [101 kB]
#6 26.18 Get:36 http://archive.ubuntu.com/ubuntu noble/main amd64 cron-daemon-common all 3.0pl1-184ubuntu2 [13.6 kB]
#6 26.18 Get:37 http://archive.ubuntu.com/ubuntu noble/main amd64 cron amd64 3.0pl1-184ubuntu2 [85.3 kB]
#6 26.18 Get:38 http://archive.ubuntu.com/ubuntu noble-updates/main amd64 perl-modules-5.38 all 5.38.2-3.2ubuntu0.3 [3110 kB]
#6 26.32 Get:39 http://archive.ubuntu.com/ubuntu noble/main amd64 libgdbm6t64 amd64 1.23-5.1build1 [34.4 kB]
#6 26.32 Get:40 http://archive.ubuntu.com/ubuntu noble/main amd64 libgdbm-compat4t64 amd64 1.23-5.1build1 [6710 B]
#6 26.32 Get:41 http://archive.ubuntu.com/ubuntu noble-updates/main amd64 libperl5.38t64 amd64 5.38.2-3.2ubuntu0.3 [4876 kB]
#6 27.00 Get:42 http://archive.ubuntu.com/ubuntu noble-updates/main amd64 perl amd64 5.38.2-3.2ubuntu0.3 [231 kB]
#6 27.01 Get:43 http://archive.ubuntu.com/ubuntu noble-updates/main amd64 openssl amd64 3.0.13-0ubuntu3.12 [1003 kB]
#6 27.08 Get:44 http://archive.ubuntu.com/ubuntu noble-updates/main amd64 ca-certificates all 20260601~24.04.1 [139 kB]
#6 27.08 Get:45 http://archive.ubuntu.com/ubuntu noble-updates/main amd64 libbsd0 amd64 0.12.1-1build1.1 [41.2 kB]
#6 27.08 Get:46 http://archive.ubuntu.com/ubuntu noble-updates/main amd64 libkrb5support0 amd64 1.20.1-6ubuntu2.8 [34.7 kB]
#6 27.09 Get:47 http://archive.ubuntu.com/ubuntu noble-updates/main amd64 libk5crypto3 amd64 1.20.1-6ubuntu2.8 [81.9 kB]
#6 27.09 Get:48 http://archive.ubuntu.com/ubuntu noble/main amd64 libkeyutils1 amd64 1.6.3-3build1 [9490 B]
#6 27.09 Get:49 http://archive.ubuntu.com/ubuntu noble-updates/main amd64 libkrb5-3 amd64 1.20.1-6ubuntu2.8 [348 kB]
#6 27.10 Get:50 http://archive.ubuntu.com/ubuntu noble-updates/main amd64 libgssapi-krb5-2 amd64 1.20.1-6ubuntu2.8 [143 kB]
#6 27.11 Get:51 http://archive.ubuntu.com/ubuntu noble-updates/main amd64 libicu74 amd64 74.2-1ubuntu3.1 [10.9 MB]
#6 28.24 Get:52 http://archive.ubuntu.com/ubuntu noble/main amd64 libyaml-0-2 amd64 0.2.5-1build1 [51.5 kB]
#6 28.24 Get:53 http://archive.ubuntu.com/ubuntu noble-updates/main amd64 python3-pkg-resources all 68.1.2-2ubuntu1.2 [168 kB]
#6 28.25 Get:54 http://archive.ubuntu.com/ubuntu noble-updates/main amd64 sudo amd64 1.9.15p5-3ubuntu5.24.04.2 [948 kB]
#6 28.30 Get:55 http://archive.ubuntu.com/ubuntu noble/main amd64 libedit2 amd64 3.1-20230828-1build1 [97.6 kB]
#6 28.31 Get:56 http://archive.ubuntu.com/ubuntu noble/main amd64 libjansson4 amd64 2.14-2build2 [32.8 kB]
#6 28.31 Get:57 http://archive.ubuntu.com/ubuntu noble-updates/main amd64 libncurses6 amd64 6.4+20240113-1ubuntu2.1 [112 kB]
#6 28.32 Get:58 http://archive.ubuntu.com/ubuntu noble-updates/main amd64 libnghttp2-14 amd64 1.59.0-1ubuntu0.4 [74.6 kB]
#6 28.33 Get:59 http://archive.ubuntu.com/ubuntu noble/main amd64 libpsl5t64 amd64 0.21.2-1.1build1 [57.1 kB]
#6 28.33 Get:60 http://archive.ubuntu.com/ubuntu noble/main amd64 libuv1t64 amd64 1.48.0-1.1build1 [97.3 kB]
#6 28.36 Get:61 http://archive.ubuntu.com/ubuntu noble-updates/main amd64 xz-utils amd64 5.6.1+really5.4.5-1ubuntu0.3 [267 kB]
#6 28.47 Get:62 http://archive.ubuntu.com/ubuntu noble-updates/main amd64 binutils-common amd64 2.42-4ubuntu2.10 [240 kB]
#6 28.50 Get:63 http://archive.ubuntu.com/ubuntu noble-updates/main amd64 libsframe1 amd64 2.42-4ubuntu2.10 [15.7 kB]
#6 28.50 Get:64 http://archive.ubuntu.com/ubuntu noble-updates/main amd64 libbinutils amd64 2.42-4ubuntu2.10 [577 kB]
#6 28.75 Get:65 http://archive.ubuntu.com/ubuntu noble-updates/main amd64 libctf-nobfd0 amd64 2.42-4ubuntu2.10 [98.0 kB]
#6 28.76 Get:66 http://archive.ubuntu.com/ubuntu noble-updates/main amd64 libctf0 amd64 2.42-4ubuntu2.10 [94.5 kB]
#6 28.77 Get:67 http://archive.ubuntu.com/ubuntu noble-updates/main amd64 libgprofng0 amd64 2.42-4ubuntu2.10 [849 kB]
#6 29.01 Get:68 http://archive.ubuntu.com/ubuntu noble-updates/main amd64 binutils-x86-64-linux-gnu amd64 2.42-4ubuntu2.10 [2463 kB]
#6 29.18 Get:69 http://archive.ubuntu.com/ubuntu noble-updates/main amd64 binutils amd64 2.42-4ubuntu2.10 [18.2 kB]
#6 29.18 Get:70 http://archive.ubuntu.com/ubuntu noble-updates/main amd64 libc-dev-bin amd64 2.39-0ubuntu8.8 [20.4 kB]
#6 29.18 Get:71 http://archive.ubuntu.com/ubuntu noble-updates/main amd64 linux-libc-dev amd64 6.8.0-137.137 [1522 kB]
#6 29.23 Get:72 http://archive.ubuntu.com/ubuntu noble/main amd64 libcrypt-dev amd64 1:4.4.36-4build1 [112 kB]
#6 29.24 Get:73 http://archive.ubuntu.com/ubuntu noble/main amd64 rpcsvc-proto amd64 1.4.2-0ubuntu7 [67.4 kB]
#6 29.25 Get:74 http://archive.ubuntu.com/ubuntu noble-updates/main amd64 libc6-dev amd64 2.39-0ubuntu8.8 [2125 kB]
#6 29.41 Get:75 http://archive.ubuntu.com/ubuntu noble-updates/main amd64 gcc-13-base amd64 13.3.0-6ubuntu2~24.04.1 [51.6 kB]
#6 29.41 Get:76 http://archive.ubuntu.com/ubuntu noble-updates/main amd64 libisl23 amd64 0.26-3build1.1 [680 kB]
#6 29.46 Get:77 http://archive.ubuntu.com/ubuntu noble-updates/main amd64 libmpfr6 amd64 4.2.1-1build1.1 [353 kB]
#6 29.51 Get:78 http://archive.ubuntu.com/ubuntu noble-updates/main amd64 libmpc3 amd64 1.3.1-1build1.1 [54.6 kB]
#6 29.51 Get:79 http://archive.ubuntu.com/ubuntu noble-updates/main amd64 cpp-13-x86-64-linux-gnu amd64 13.3.0-6ubuntu2~24.04.1 [10.7 MB]
#6 31.07 Get:80 http://archive.ubuntu.com/ubuntu noble-updates/main amd64 cpp-13 amd64 13.3.0-6ubuntu2~24.04.1 [1042 B]
#6 31.07 Get:81 http://archive.ubuntu.com/ubuntu noble/main amd64 cpp-x86-64-linux-gnu amd64 4:13.2.0-7ubuntu1 [5326 B]
#6 31.07 Get:82 http://archive.ubuntu.com/ubuntu noble/main amd64 cpp amd64 4:13.2.0-7ubuntu1 [22.4 kB]
#6 31.08 Get:83 http://archive.ubuntu.com/ubuntu noble-updates/main amd64 libcc1-0 amd64 14.2.0-4ubuntu2~24.04.1 [48.0 kB]
#6 31.08 Get:84 http://archive.ubuntu.com/ubuntu noble-updates/main amd64 libgomp1 amd64 14.2.0-4ubuntu2~24.04.1 [148 kB]
#6 31.08 Get:85 http://archive.ubuntu.com/ubuntu noble-updates/main amd64 libitm1 amd64 14.2.0-4ubuntu2~24.04.1 [29.7 kB]
#6 31.08 Get:86 http://archive.ubuntu.com/ubuntu noble-updates/main amd64 libatomic1 amd64 14.2.0-4ubuntu2~24.04.1 [10.5 kB]
#6 31.08 Get:87 http://archive.ubuntu.com/ubuntu noble-updates/main amd64 libasan8 amd64 14.2.0-4ubuntu2~24.04.1 [3027 kB]
#6 31.31 Get:88 http://archive.ubuntu.com/ubuntu noble-updates/main amd64 liblsan0 amd64 14.2.0-4ubuntu2~24.04.1 [1322 kB]
#6 31.32 Get:89 http://archive.ubuntu.com/ubuntu noble-updates/main amd64 libtsan2 amd64 14.2.0-4ubuntu2~24.04.1 [2772 kB]
#6 31.43 Get:90 http://archive.ubuntu.com/ubuntu noble-updates/main amd64 libubsan1 amd64 14.2.0-4ubuntu2~24.04.1 [1184 kB]
#6 31.52 Get:91 http://archive.ubuntu.com/ubuntu noble-updates/main amd64 libhwasan0 amd64 14.2.0-4ubuntu2~24.04.1 [1641 kB]
#6 31.66 Get:92 http://archive.ubuntu.com/ubuntu noble-updates/main amd64 libquadmath0 amd64 14.2.0-4ubuntu2~24.04.1 [153 kB]
#6 31.66 Get:93 http://archive.ubuntu.com/ubuntu noble-updates/main amd64 libgcc-13-dev amd64 13.3.0-6ubuntu2~24.04.1 [2681 kB]
#6 32.31 Get:94 http://archive.ubuntu.com/ubuntu noble-updates/main amd64 gcc-13-x86-64-linux-gnu amd64 13.3.0-6ubuntu2~24.04.1 [21.1 MB]
#6 35.13 Get:95 http://archive.ubuntu.com/ubuntu noble-updates/main amd64 gcc-13 amd64 13.3.0-6ubuntu2~24.04.1 [494 kB]
#6 35.15 Get:96 http://archive.ubuntu.com/ubuntu noble/main amd64 gcc-x86-64-linux-gnu amd64 4:13.2.0-7ubuntu1 [1212 B]
#6 35.15 Get:97 http://archive.ubuntu.com/ubuntu noble/main amd64 gcc amd64 4:13.2.0-7ubuntu1 [5018 B]
#6 35.15 Get:98 http://archive.ubuntu.com/ubuntu noble-updates/main amd64 libstdc++-13-dev amd64 13.3.0-6ubuntu2~24.04.1 [2420 kB]
#6 35.31 Get:99 http://archive.ubuntu.com/ubuntu noble-updates/main amd64 g++-13-x86-64-linux-gnu amd64 13.3.0-6ubuntu2~24.04.1 [12.2 MB]
#6 36.39 Get:100 http://archive.ubuntu.com/ubuntu noble-updates/main amd64 g++-13 amd64 13.3.0-6ubuntu2~24.04.1 [16.0 kB]
#6 36.59 Get:101 http://archive.ubuntu.com/ubuntu noble/main amd64 g++-x86-64-linux-gnu amd64 4:13.2.0-7ubuntu1 [964 B]
#6 36.59 Get:102 http://archive.ubuntu.com/ubuntu noble/main amd64 g++ amd64 4:13.2.0-7ubuntu1 [1100 B]
#6 36.59 Get:103 http://archive.ubuntu.com/ubuntu noble/main amd64 make amd64 4.3-4.1build2 [180 kB]
#6 37.03 Get:104 http://archive.ubuntu.com/ubuntu noble-updates/main amd64 libdpkg-perl all 1.22.6ubuntu6.6 [268 kB]
#6 37.17 Get:105 http://archive.ubuntu.com/ubuntu noble-updates/main amd64 bzip2 amd64 1.0.8-5.1build0.1 [34.5 kB]
#6 37.18 Get:106 http://archive.ubuntu.com/ubuntu noble/main amd64 patch amd64 2.7.6-7build3 [104 kB]
#6 37.21 Get:107 http://archive.ubuntu.com/ubuntu noble/main amd64 lto-disabled-list all 47 [12.4 kB]
#6 37.22 Get:108 http://archive.ubuntu.com/ubuntu noble-updates/main amd64 dpkg-dev all 1.22.6ubuntu6.6 [1074 kB]
#6 37.37 Get:109 http://archive.ubuntu.com/ubuntu noble/main amd64 build-essential amd64 12.10ubuntu1 [4928 B]
#6 37.37 Get:110 http://archive.ubuntu.com/ubuntu noble/main amd64 libbrotli1 amd64 1.1.0-2build2 [331 kB]
#6 37.40 Get:111 http://archive.ubuntu.com/ubuntu noble-updates/main amd64 libsasl2-modules-db amd64 2.1.28+dfsg1-5ubuntu3.1 [20.4 kB]
#6 37.40 Get:112 http://archive.ubuntu.com/ubuntu noble-updates/main amd64 libsasl2-2 amd64 2.1.28+dfsg1-5ubuntu3.1 [53.2 kB]
#6 37.40 Get:113 http://archive.ubuntu.com/ubuntu noble-updates/main amd64 libldap2 amd64 2.6.10+dfsg-0ubuntu0.24.04.1 [198 kB]
#6 37.43 Get:114 http://archive.ubuntu.com/ubuntu noble/main amd64 librtmp1 amd64 2.4+20151223.gitfa8646d.1-2build7 [56.3 kB]
#6 37.43 Get:115 http://archive.ubuntu.com/ubuntu noble-updates/main amd64 libssh-4 amd64 0.10.6-2ubuntu0.4 [190 kB]
#6 37.43 Get:116 http://archive.ubuntu.com/ubuntu noble-updates/main amd64 libcurl4t64 amd64 8.5.0-2ubuntu10.11 [342 kB]
#6 37.46 Get:117 http://archive.ubuntu.com/ubuntu noble-updates/main amd64 curl amd64 8.5.0-2ubuntu10.11 [226 kB]
#6 37.47 Get:118 http://archive.ubuntu.com/ubuntu noble/universe amd64 node-fast-deep-equal all 3.1.3-3 [5844 B]
#6 37.47 Get:119 http://archive.ubuntu.com/ubuntu noble/universe amd64 node-json-schema-traverse all 1.0.0-3 [6338 B]
#6 37.63 Get:120 http://archive.ubuntu.com/ubuntu noble/universe amd64 node-jsonify all 0.0.1-1 [6724 B]
#6 37.63 Get:121 http://archive.ubuntu.com/ubuntu noble/universe amd64 node-json-stable-stringify all 1.0.2+repack1+~cs1.0.34-2 [7270 B]
#6 37.64 Get:122 http://archive.ubuntu.com/ubuntu noble/universe amd64 node-punycode all 2.2.3-2 [10.0 kB]
#6 37.64 Get:123 http://archive.ubuntu.com/ubuntu noble/universe amd64 node-uri-js all 4.4.0+dfsg-8 [52.5 kB]
#6 37.64 Get:124 http://archive.ubuntu.com/ubuntu noble/main amd64 libcares2 amd64 1.27.0-1.0ubuntu1 [73.7 kB]
#6 37.64 Get:125 http://archive.ubuntu.com/ubuntu noble/universe amd64 node-xtend all 4.0.2-3 [3902 B]
#6 37.64 Get:126 http://archive.ubuntu.com/ubuntu noble/universe amd64 node-acorn all 8.8.1+ds+~cs25.17.7-2 [115 kB]
#6 37.75 Get:127 http://archive.ubuntu.com/ubuntu noble/universe amd64 node-cjs-module-lexer all 1.2.3+dfsg-1 [32.1 kB]
#6 37.76 Get:128 http://archive.ubuntu.com/ubuntu noble/universe amd64 node-busboy all 1.6.0+~cs2.6.0-2 [17.3 kB]
#6 37.76 Get:129 http://archive.ubuntu.com/ubuntu noble/universe amd64 node-undici all 5.26.3+dfsg1+~cs23.10.12-2 [325 kB]
#6 37.86 Get:130 http://archive.ubuntu.com/ubuntu noble/universe amd64 libnode109 amd64 18.19.1+dfsg-6ubuntu5 [11.6 MB]
#6 39.26 Get:131 http://archive.ubuntu.com/ubuntu noble/universe amd64 nodejs amd64 18.19.1+dfsg-6ubuntu5 [306 kB]
#6 39.26 Get:132 http://archive.ubuntu.com/ubuntu noble/universe amd64 node-ajv all 8.12.0~ds+~2.1.1-4 [185 kB]
#6 39.27 Get:133 http://archive.ubuntu.com/ubuntu noble/universe amd64 libjs-inherits all 2.0.4-6 [3412 B]
#6 39.27 Get:134 http://archive.ubuntu.com/ubuntu noble/universe amd64 node-inherits all 2.0.4-6 [3004 B]
#6 39.27 Get:135 http://archive.ubuntu.com/ubuntu noble/universe amd64 node-core-util-is all 1.0.3-1 [4066 B]
#6 39.27 Get:136 http://archive.ubuntu.com/ubuntu noble/universe amd64 node-safe-buffer all 5.2.1+~cs2.1.2-3 [15.8 kB]
#6 39.27 Get:137 http://archive.ubuntu.com/ubuntu noble/universe amd64 node-string-decoder all 1.3.0-6 [7044 B]
#6 39.27 Get:138 http://archive.ubuntu.com/ubuntu noble/universe amd64 node-process-nextick-args all 2.0.1-3 [3804 B]
#6 39.27 Get:139 http://archive.ubuntu.com/ubuntu noble/universe amd64 node-util-deprecate all 1.0.2-3 [4202 B]
#6 39.35 Get:140 http://archive.ubuntu.com/ubuntu noble/universe amd64 node-isarray all 2.0.5-4 [4024 B]
#6 39.40 Get:141 http://archive.ubuntu.com/ubuntu noble/universe amd64 node-readable-stream all 3.6.0+~cs3.0.0-4build1 [32.4 kB]
#6 39.40 Get:142 http://archive.ubuntu.com/ubuntu noble/universe amd64 node-typedarray all 0.0.7-1 [9584 B]
#6 39.40 Get:143 http://archive.ubuntu.com/ubuntu noble/universe amd64 node-concat-stream all 2.0.0+~2.0.0-2 [6424 B]
#6 39.40 Get:144 http://archive.ubuntu.com/ubuntu noble/universe amd64 node-ms all 2.1.3+~cs0.7.31-3 [5738 B]
#6 39.40 Get:145 http://archive.ubuntu.com/ubuntu noble/universe amd64 node-debug all 4.3.4+~cs4.1.7-1 [17.7 kB]
#6 39.40 Get:146 http://archive.ubuntu.com/ubuntu noble/universe amd64 node-esutils all 2.0.3+~2.0.0-1 [13.0 kB]
#6 39.40 Get:147 http://archive.ubuntu.com/ubuntu noble/universe amd64 node-doctrine all 3.0.0-4 [18.3 kB]
#6 39.40 Get:148 http://archive.ubuntu.com/ubuntu noble/universe amd64 node-eslint-visitor-keys all 3.3.0+~1.0.0-1 [14.4 kB]
#6 39.45 Get:149 http://archive.ubuntu.com/ubuntu noble/universe amd64 node-estraverse all 5.3.0+ds+~5.1.1-1 [11.9 kB]
#6 39.54 Get:150 http://archive.ubuntu.com/ubuntu noble/universe amd64 node-object-assign all 4.1.1-7 [4686 B]
#6 39.54 Get:151 http://archive.ubuntu.com/ubuntu noble/universe amd64 node-esrecurse all 4.3.0-2 [6136 B]
#6 39.54 Get:152 http://archive.ubuntu.com/ubuntu noble/universe amd64 node-eslint-scope all 7.1.1+~3.7.4-1 [31.5 kB]
#6 39.55 Get:153 http://archive.ubuntu.com/ubuntu noble/universe amd64 node-espree all 9.4.1~dfsg-2 [21.0 kB]
#6 39.55 Get:154 http://archive.ubuntu.com/ubuntu noble/universe amd64 node-esquery all 1.4.2~ds-1 [26.0 kB]
#6 39.55 Get:155 http://archive.ubuntu.com/ubuntu noble/universe amd64 node-eslint-utils all 3.0.0-3 [15.8 kB]
#6 39.55 Get:156 http://archive.ubuntu.com/ubuntu noble/universe amd64 node-flatted all 3.2.7~ds-1 [10.0 kB]
#6 39.55 Get:157 http://archive.ubuntu.com/ubuntu noble/universe amd64 node-fs.realpath all 1.0.0-3 [6176 B]
#6 39.56 Get:158 http://archive.ubuntu.com/ubuntu noble/universe amd64 node-wrappy all 1.0.2-3 [3732 B]
#6 39.66 Get:159 http://archive.ubuntu.com/ubuntu noble/universe amd64 node-once all 1.4.1-1 [4664 B]
#6 39.66 Get:160 http://archive.ubuntu.com/ubuntu noble/universe amd64 node-inflight all 1.0.6-2 [3940 B]
#6 39.66 Get:161 http://archive.ubuntu.com/ubuntu noble/universe amd64 node-balanced-match all 2.0.0-1 [4910 B]
#6 39.66 Get:162 http://archive.ubuntu.com/ubuntu noble/universe amd64 node-brace-expansion all 2.0.1+~1.1.0-1 [8072 B]
#6 39.66 Get:163 http://archive.ubuntu.com/ubuntu noble/universe amd64 node-minimatch all 9.0.3-4build5 [51.1 kB]
#6 39.66 Get:164 http://archive.ubuntu.com/ubuntu noble/universe amd64 node-glob all 8.1.0+~cs8.5.15-1 [137 kB]
#6 39.67 Get:165 http://archive.ubuntu.com/ubuntu noble/universe amd64 node-rimraf all 3.0.2-2 [10.4 kB]
#6 39.67 Get:166 http://archive.ubuntu.com/ubuntu noble/universe amd64 node-write all 2.0.0~6.0.1+~3.0.4+~2.0.0+~1.0.0+~2.0.1-1 [16.0 kB]
#6 39.67 Get:167 http://archive.ubuntu.com/ubuntu noble/universe amd64 node-flat-cache all 3.0.4~6.0.1+~3.0.4+~2.0.0+~1.0.0+~2.0.1-1 [9050 B]
#6 39.75 Get:168 http://archive.ubuntu.com/ubuntu noble/universe amd64 node-file-entry-cache all 6.0.1+~3.0.4+~2.0.0+~1.0.0+~2.0.1-1 [12.2 kB]
#6 39.77 Get:169 http://archive.ubuntu.com/ubuntu noble/universe amd64 node-functional-red-black-tree all 1.0.1+20181105-7 [14.3 kB]
#6 39.77 Get:170 http://archive.ubuntu.com/ubuntu noble/universe amd64 node-is-extglob all 2.1.1-5 [4624 B]
#6 39.77 Get:171 http://archive.ubuntu.com/ubuntu noble/universe amd64 node-is-glob all 4.0.3-2 [6706 B]
#6 39.77 Get:172 http://archive.ubuntu.com/ubuntu noble/universe amd64 node-path-dirname all 1.0.2-2 [4326 B]
#6 39.77 Get:173 http://archive.ubuntu.com/ubuntu noble/universe amd64 node-glob-parent all 6.0.2+~5.1.1-2 [7050 B]
#6 39.77 Get:174 http://archive.ubuntu.com/ubuntu noble/universe amd64 node-globals all 13.23.0-1 [11.7 kB]
#6 39.77 Get:175 http://archive.ubuntu.com/ubuntu noble/universe amd64 node-resolve-from all 5.0.0+~3.1.0+~3.3.0+~2.0.0-1 [7332 B]
#6 39.77 Get:176 http://archive.ubuntu.com/ubuntu noble/universe amd64 node-imurmurhash all 0.1.4+dfsg+~0.1.1-2 [8504 B]
#6 39.84 Get:177 http://archive.ubuntu.com/ubuntu noble/universe amd64 node-ignore all 5.2.1-1 [24.2 kB]
#6 39.88 Get:178 http://archive.ubuntu.com/ubuntu noble/universe amd64 node-prelude-ls all 1.2.1+dfsg-3 [9812 B]
#6 39.88 Get:179 http://archive.ubuntu.com/ubuntu noble/universe amd64 node-type-check all 0.4.0+dfsg-3 [9318 B]
#6 39.89 Get:180 http://archive.ubuntu.com/ubuntu noble/universe amd64 node-levn all 0.4.1+dfsg-2 [10.3 kB]
#6 39.89 Get:181 http://archive.ubuntu.com/ubuntu noble/universe amd64 node-lodash all 4.17.21+dfsg+~cs8.31.198.20210220-9 [469 kB]
#6 40.16 Get:182 http://archive.ubuntu.com/ubuntu noble/universe amd64 node-memfs all 3.4.12+~cs1.0.3-1 [41.0 kB]
#6 40.17 Get:183 http://archive.ubuntu.com/ubuntu noble/universe amd64 node-mkdirp all 1.0.4+~1.0.2-4 [11.3 kB]
#6 40.17 Get:184 http://archive.ubuntu.com/ubuntu noble/universe amd64 node-deep-is all 0.1.4-1 [5158 B]
#6 40.17 Get:185 http://archive.ubuntu.com/ubuntu noble/universe amd64 node-fast-levenshtein all 2.0.6+ds-3 [6084 B]
#6 40.17 Get:186 http://archive.ubuntu.com/ubuntu noble/universe amd64 node-optionator all 0.9.1+dfsg+~cs1.2.3-1 [17.1 kB]
#6 40.26 Get:187 http://archive.ubuntu.com/ubuntu noble/universe amd64 node-progress all 2.0.3-2 [6704 B]
#6 40.26 Get:188 http://archive.ubuntu.com/ubuntu noble/universe amd64 libjs-regenerate all 1.4.2-3 [14.7 kB]
#6 40.26 Get:189 http://archive.ubuntu.com/ubuntu noble/universe amd64 node-regenerate all 1.4.2-3 [2340 B]
#6 40.26 Get:190 http://archive.ubuntu.com/ubuntu noble/universe amd64 node-regenerate-unicode-properties all 10.1.0+ds-1 [54.7 kB]
#6 40.36 Get:191 http://archive.ubuntu.com/ubuntu noble/universe amd64 node-regexpp all 3.2.0-5 [27.8 kB]
#6 40.36 Get:192 http://archive.ubuntu.com/ubuntu noble/universe amd64 node-yallist all 4.0.0+~4.0.1-1 [8322 B]
#6 40.36 Get:193 http://archive.ubuntu.com/ubuntu noble/universe amd64 node-lru-cache all 7.14.1-1 [23.9 kB]
#6 40.36 Get:194 http://archive.ubuntu.com/ubuntu noble/universe amd64 node-semver all 7.5.4+~7.5.0-2 [44.3 kB]
#6 40.36 Get:195 http://archive.ubuntu.com/ubuntu noble/universe amd64 node-strip-json-comments all 4.0.0-4 [5656 B]
#6 40.36 Get:196 http://archive.ubuntu.com/ubuntu noble/universe amd64 node-json-schema all 0.4.0+~7.0.11-1 [13.4 kB]
#6 40.48 Get:197 http://archive.ubuntu.com/ubuntu noble/universe amd64 node-v8-compile-cache all 2.4.0-2 [7686 B]
#6 40.48 Get:198 http://archive.ubuntu.com/ubuntu noble/universe amd64 eslint all 6.4.0~dfsg+~6.1.9-11build3 [354 kB]
#6 40.49 Get:199 http://archive.ubuntu.com/ubuntu noble-updates/main amd64 libcurl3t64-gnutls amd64 8.5.0-2ubuntu10.11 [334 kB]
#6 40.51 Get:200 http://archive.ubuntu.com/ubuntu noble/main amd64 liberror-perl all 0.17029-2 [25.6 kB]
#6 40.59 Get:201 http://archive.ubuntu.com/ubuntu noble-updates/main amd64 git-man all 1:2.43.0-1ubuntu7.3 [1100 kB]
#6 40.88 Get:202 http://archive.ubuntu.com/ubuntu noble-updates/main amd64 git amd64 1:2.43.0-1ubuntu7.3 [3680 kB]
#6 41.73 Get:203 http://archive.ubuntu.com/ubuntu noble/main amd64 python3-six all 1.16.0-4 [12.4 kB]
#6 41.73 Get:204 http://archive.ubuntu.com/ubuntu noble/universe amd64 gyp all 0.1+20220404git9ecf45e-2 [238 kB]
#6 41.75 Get:205 http://archive.ubuntu.com/ubuntu noble/universe amd64 node-neo-async all 2.6.2+~cs3.0.0-3 [42.9 kB]
#6 41.75 Get:206 http://archive.ubuntu.com/ubuntu noble/universe amd64 node-arrify all 2.0.1-3 [3688 B]
#6 41.75 Get:207 http://archive.ubuntu.com/ubuntu noble/universe amd64 node-is-plain-obj all 3.0.0-2 [3994 B]
#6 41.75 Get:208 http://archive.ubuntu.com/ubuntu noble/universe amd64 node-is-buffer all 2.0.5-2 [4128 B]
#6 41.75 Get:209 http://archive.ubuntu.com/ubuntu noble/universe amd64 node-kind-of all 6.0.3+dfsg-2 [8628 B]
#6 41.75 Get:210 http://archive.ubuntu.com/ubuntu noble/universe amd64 node-minimist all 1.2.8+~cs5.3.5-1 [10.2 kB]
#6 41.76 Get:211 http://archive.ubuntu.com/ubuntu noble/universe amd64 node-wordwrap all 1.0.0-4 [4644 B]
#6 41.83 Get:212 http://archive.ubuntu.com/ubuntu noble/universe amd64 node-optimist all 0.6.1+~0.0.30-2 [13.8 kB]
#6 41.83 Get:213 http://archive.ubuntu.com/ubuntu noble/universe amd64 libjs-source-map all 0.7.0++dfsg2+really.0.6.1-15 [27.1 kB]
#6 41.84 Get:214 http://archive.ubuntu.com/ubuntu noble/universe amd64 node-source-map all 0.7.0++dfsg2+really.0.6.1-15 [42.8 kB]
#6 41.84 Get:215 http://archive.ubuntu.com/ubuntu noble/universe amd64 handlebars all 3:4.7.7+~4.1.0-1 [211 kB]
#6 41.87 Get:216 http://archive.ubuntu.com/ubuntu noble/universe amd64 libjs-async all 0.8.0-6 [24.1 kB]
#6 41.87 Get:217 http://archive.ubuntu.com/ubuntu noble/universe amd64 libjs-events all 3.3.0+~3.0.0-3 [9762 B]
#6 41.87 Get:218 http://archive.ubuntu.com/ubuntu noble/universe amd64 libjs-is-typedarray all 1.0.0-4 [3804 B]
#6 41.87 Get:219 http://archive.ubuntu.com/ubuntu noble/universe amd64 libjs-prettify all 2015.12.04+dfsg-1.1 [39.3 kB]
#6 41.91 Get:220 http://archive.ubuntu.com/ubuntu noble/universe amd64 libjs-sprintf-js all 1.1.2+ds1+~1.1.2-1 [12.8 kB]
#6 41.91 Get:221 http://archive.ubuntu.com/ubuntu noble/universe amd64 libjs-typedarray-to-buffer all 4.0.0-2 [4658 B]
#6 41.99 Get:222 http://archive.ubuntu.com/ubuntu noble/universe amd64 node-lodash-packages all 4.17.21+dfsg+~cs8.31.198.20210220-9 [176 kB]
#6 42.13 Get:223 http://archive.ubuntu.com/ubuntu noble/universe amd64 node-function-bind all 1.1.2+~cs2.1.14-1 [20.3 kB]
#6 42.13 Get:224 http://archive.ubuntu.com/ubuntu noble/universe amd64 node-object-inspect all 1.12.2+~cs1.8.1-1 [11.4 kB]
#6 42.13 Get:225 http://archive.ubuntu.com/ubuntu noble/universe amd64 node-es-abstract all 1.20.4+~cs26.27.47-1 [139 kB]
#6 42.14 Get:226 http://archive.ubuntu.com/ubuntu noble/universe amd64 node-resolve all 1.22.8+~cs5.34.15-2 [23.3 kB]
#6 42.14 Get:227 http://archive.ubuntu.com/ubuntu noble/universe amd64 node-define-properties all 1.2.1+~cs2.2.3-1 [7472 B]
#6 42.14 Get:228 http://archive.ubuntu.com/ubuntu noble/universe amd64 node-debbundle-es-to-primitive all 1.2.1+~cs9.7.25-2 [14.1 kB]
#6 42.19 Get:229 http://archive.ubuntu.com/ubuntu noble/universe amd64 node-isobject all 4.0.0-2 [5374 B]
#6 42.19 Get:230 http://archive.ubuntu.com/ubuntu noble/universe amd64 node-is-descriptor all 3.0.0-2 [5606 B]
#6 42.19 Get:231 http://archive.ubuntu.com/ubuntu noble/universe amd64 node-define-property all 2.0.2+really+2.0.2-3 [5846 B]
#6 42.28 Get:232 http://archive.ubuntu.com/ubuntu noble/universe amd64 node-defined all 1.0.1+~1.0.0-1 [5276 B]
#6 42.28 Get:233 http://archive.ubuntu.com/ubuntu noble/universe amd64 node-abbrev all 1.1.1+~1.1.2-1 [5784 B]
#6 42.28 Get:234 http://archive.ubuntu.com/ubuntu noble/universe amd64 node-archy all 1.0.0-6 [4588 B]
#6 42.28 Get:235 http://archive.ubuntu.com/ubuntu noble/universe amd64 node-async all 0.8.0-6 [2614 B]
#6 42.28 Get:236 http://archive.ubuntu.com/ubuntu noble/universe amd64 node-convert-source-map all 1.9.0+~1.5.2-1 [8332 B]
#6 42.28 Get:237 http://archive.ubuntu.com/ubuntu noble/universe amd64 node-decamelize all 4.0.0-2 [4016 B]
#6 42.28 Get:238 http://archive.ubuntu.com/ubuntu noble/universe amd64 node-es6-error all 4.1.1-5 [5802 B]
#6 42.37 Get:239 http://archive.ubuntu.com/ubuntu noble/universe amd64 node-esprima all 4.0.1+ds+~4.0.3-2 [69.3 kB]
#6 42.37 Get:240 http://archive.ubuntu.com/ubuntu noble/universe amd64 node-escodegen all 2.1.0+dfsg+~0.0.8-1 [23.5 kB]
#6 42.37 Get:241 http://archive.ubuntu.com/ubuntu noble/universe amd64 node-commondir all 1.0.1+~1.0.0-1 [4400 B]
#6 42.46 Get:242 http://archive.ubuntu.com/ubuntu noble/universe amd64 node-is-number all 7.0.0-4 [5894 B]
#6 42.46 Get:243 http://archive.ubuntu.com/ubuntu noble/universe amd64 node-repeat-string all 1.6.1+repack-1 [5660 B]
#6 42.46 Get:244 http://archive.ubuntu.com/ubuntu noble/universe amd64 node-to-regex-range all 5.0.1-4 [10.7 kB]
#6 42.46 Get:245 http://archive.ubuntu.com/ubuntu noble/universe amd64 node-fill-range all 7.0.1+~7.0.0-1 [9098 B]
#6 42.46 Get:246 http://archive.ubuntu.com/ubuntu noble/universe amd64 node-braces all 3.0.2+~3.0.1-1 [19.4 kB]
#6 42.46 Get:247 http://archive.ubuntu.com/ubuntu noble/universe amd64 node-normalize-path all 3.0.0+~3.0.0-1 [6718 B]
#6 42.46 Get:248 http://archive.ubuntu.com/ubuntu noble/universe amd64 node-anymatch all 3.1.3+~cs4.6.1-2 [31.3 kB]
#6 42.54 Get:249 http://archive.ubuntu.com/ubuntu noble/universe amd64 node-micromatch all 4.0.5+~4.0.2-1 [23.5 kB]
#6 42.54 Get:250 http://archive.ubuntu.com/ubuntu noble/universe amd64 node-pify all 5.0.0+~cs5.0.1-1 [7148 B]
#6 42.54 Get:251 http://archive.ubuntu.com/ubuntu noble/universe amd64 node-path-type all 4.0.0-3 [3934 B]
#6 42.63 Get:252 http://archive.ubuntu.com/ubuntu noble/universe amd64 node-n3 all 1.16.3+~1.2.3+~1.10.4-1 [37.7 kB]
#6 42.63 Get:253 http://archive.ubuntu.com/ubuntu noble/universe amd64 node-slash all 4.0.0-3 [4326 B]
#6 42.63 Get:254 http://archive.ubuntu.com/ubuntu noble/universe amd64 node-globby all 13.1.3+~cs16.25.40-2 [41.4 kB]
#6 42.64 Get:255 http://archive.ubuntu.com/ubuntu noble/universe amd64 node-graceful-fs all 4.2.10-1 [14.0 kB]
#6 42.64 Get:256 http://archive.ubuntu.com/ubuntu noble/universe amd64 node-is-path-cwd all 2.2.0-2 [3650 B]
#6 42.64 Get:257 http://archive.ubuntu.com/ubuntu noble/universe amd64 node-path-is-inside all 1.0.2+~1.0.0-1 [5098 B]
#6 42.64 Get:258 http://archive.ubuntu.com/ubuntu noble/universe amd64 node-is-path-inside all 3.0.3-2 [3982 B]
#6 42.72 Get:259 http://archive.ubuntu.com/ubuntu noble/universe amd64 node-escape-string-regexp all 4.0.0-2 [4328 B]
#6 42.73 Get:260 http://archive.ubuntu.com/ubuntu noble/universe amd64 node-indent-string all 4.0.0-2 [4122 B]
#6 42.73 Get:261 http://archive.ubuntu.com/ubuntu noble/universe amd64 node-p-map all 4.0.0+~3.1.0+~3.0.1-1 [8058 B]
#6 42.80 Get:262 http://archive.ubuntu.com/ubuntu noble/universe amd64 node-del all 7.0.0-5 [6928 B]
#6 42.86 Get:263 http://archive.ubuntu.com/ubuntu noble/universe amd64 node-make-dir all 3.1.0-3 [6096 B]
#6 42.86 Get:264 http://archive.ubuntu.com/ubuntu noble/universe amd64 node-p-limit all 4.0.0+~cs4.0.0-5 [7722 B]
#6 42.86 Get:265 http://archive.ubuntu.com/ubuntu noble/universe amd64 node-p-locate all 6.0.0-12 [5340 B]
#6 42.86 Get:266 http://archive.ubuntu.com/ubuntu noble/universe amd64 node-locate-path all 7.1.1-2 [5448 B]
#6 42.86 Get:267 http://archive.ubuntu.com/ubuntu noble/universe amd64 node-path-exists all 5.0.0-8 [4602 B]
#6 42.86 Get:268 http://archive.ubuntu.com/ubuntu noble/universe amd64 node-find-up all 6.3.0-7 [9340 B]
#6 42.96 Get:269 http://archive.ubuntu.com/ubuntu noble/universe amd64 node-pkg-dir all 5.0.0-2 [4270 B]
#6 42.96 Get:270 http://archive.ubuntu.com/ubuntu noble/universe amd64 node-find-cache-dir all 3.3.2+~3.2.1-1 [6210 B]
#6 42.96 Get:271 http://archive.ubuntu.com/ubuntu noble/universe amd64 node-signal-exit all 4.1.0-6 [14.1 kB]
#6 43.05 Get:272 http://archive.ubuntu.com/ubuntu noble/universe amd64 node-foreground-child all 3.1.1-2 [12.4 kB]
#6 43.05 Get:273 http://archive.ubuntu.com/ubuntu noble/universe amd64 node-is-stream all 3.0.0-4 [5106 B]
#6 43.05 Get:274 http://archive.ubuntu.com/ubuntu noble/universe amd64 node-is-windows all 1.0.2+~cs1.0.0-1 [5980 B]
#6 43.06 Get:275 http://archive.ubuntu.com/ubuntu noble/universe amd64 node-ampproject-remapping all 2.2.0+~cs5.15.37-1 [62.4 kB]
#6 43.06 Get:276 http://archive.ubuntu.com/ubuntu noble/universe amd64 node-sprintf-js all 1.1.2+ds1+~1.1.2-1 [3916 B]
#6 43.06 Get:277 http://archive.ubuntu.com/ubuntu noble/universe amd64 node-argparse all 2.0.1-2 [33.2 kB]
#6 43.06 Get:278 http://archive.ubuntu.com/ubuntu noble/universe amd64 node-js-yaml all 4.1.0+dfsg+~4.0.5-7 [61.9 kB]
#6 43.14 Get:279 http://archive.ubuntu.com/ubuntu noble/universe amd64 node-nopt all 5.0.0-4 [10.9 kB]
#6 43.14 Get:280 http://archive.ubuntu.com/ubuntu noble/universe amd64 node-npm-run-path all 5.1.0+~4.0.0-8 [6402 B]
#6 43.14 Get:281 http://archive.ubuntu.com/ubuntu noble/universe amd64 node-shebang-regex all 3.0.0-2 [3504 B]
#6 43.22 Get:282 http://archive.ubuntu.com/ubuntu noble/universe amd64 node-shebang-command all 2.0.0-1 [3456 B]
#6 43.23 Get:283 http://archive.ubuntu.com/ubuntu noble/universe amd64 node-strip-bom all 4.0.0-2 [4158 B]
#6 43.23 Get:284 http://archive.ubuntu.com/ubuntu noble/universe amd64 node-has-flag all 4.0.0-3 [4268 B]
#6 43.23 Get:285 http://archive.ubuntu.com/ubuntu noble/universe amd64 node-supports-color all 8.1.1+~8.1.1-1 [7048 B]
#6 43.23 Get:286 http://archive.ubuntu.com/ubuntu noble/universe amd64 node-util all 0.12.5+~1.0.10-1 [3760 B]
#6 43.23 Get:287 http://archive.ubuntu.com/ubuntu noble/universe amd64 node-assert all 2.0.0+~cs3.9.8-2 [26.2 kB]
#6 43.23 Get:288 http://archive.ubuntu.com/ubuntu noble/universe amd64 node-babel-plugin-add-module-exports all 1.0.4+dfsg1~cs5.8.0-4 [8860 B]
#6 43.30 Get:289 http://archive.ubuntu.com/ubuntu noble/universe amd64 node-regenerator-runtime all 0.15.2+~0.10.8-1 [10.9 kB]
#6 43.31 Get:290 http://archive.ubuntu.com/ubuntu noble/universe amd64 node-babel7-runtime all 7.20.15+ds1+~cs214.269.168-6build1 [43.2 kB]
#6 43.31 Get:291 http://archive.ubuntu.com/ubuntu noble/universe amd64 node-babel-helper-define-polyfill-provider all 0.3.3~0~20220913+ds1-1 [28.4 kB]
#6 43.41 Get:292 http://archive.ubuntu.com/ubuntu noble/universe amd64 node-babel-plugin-polyfill-corejs2 all 0.3.3~0~20220913+ds1-1 [17.2 kB]
#6 43.41 Get:293 http://archive.ubuntu.com/ubuntu noble/universe amd64 node-caniuse-lite all 1.0.30001571+dfsg+~1.0.5-1 [348 kB]
#6 43.43 Get:294 http://archive.ubuntu.com/ubuntu noble/universe amd64 node-electron-to-chromium all 1.4.616-1 [39.6 kB]
#6 43.43 Get:295 http://archive.ubuntu.com/ubuntu noble/universe amd64 node-picocolors all 1.0.0-4 [6176 B]
#6 43.43 Get:296 http://archive.ubuntu.com/ubuntu noble/universe amd64 node-browserslist all 4.22.1+~cs6.1.28-1 [72.9 kB]
#6 43.43 Get:297 http://archive.ubuntu.com/ubuntu noble/universe amd64 node-core-js-compat all 3.33.2-1build2 [39.1 kB]
#6 43.44 Get:298 http://archive.ubuntu.com/ubuntu noble/universe amd64 node-babel-plugin-polyfill-corejs3 all 0.6.0~0~20220913+ds1-1 [30.2 kB]
#6 43.50 Get:299 http://archive.ubuntu.com/ubuntu noble/universe amd64 node-babel-plugin-polyfill-regenerator all 0.4.1~0~20220913+ds1-1 [4366 B]
#6 43.50 Get:300 http://archive.ubuntu.com/ubuntu noble/universe amd64 node-color-name all 1.1.4+~1.1.1-2 [6076 B]
#6 43.50 Get:301 http://archive.ubuntu.com/ubuntu noble/universe amd64 node-color-convert all 2.0.1+~cs2.0.0-2 [12.8 kB]
#6 43.60 Get:302 http://archive.ubuntu.com/ubuntu noble/universe amd64 node-ansi-styles all 6.2.1-2 [8768 B]
#6 43.65 Get:303 http://archive.ubuntu.com/ubuntu noble/universe amd64 node-chalk all 5.3.0-1build1 [18.8 kB]
#6 43.69 Get:304 http://archive.ubuntu.com/ubuntu noble/universe amd64 node-for-in all 1.0.2-4 [4856 B]
#6 43.69 Get:305 http://archive.ubuntu.com/ubuntu noble/universe amd64 node-for-own all 1.0.0-3 [4708 B]
#6 43.69 Get:306 http://archive.ubuntu.com/ubuntu noble/universe amd64 node-is-plain-object all 5.0.0-7 [6338 B]
#6 43.70 Get:307 http://archive.ubuntu.com/ubuntu noble/universe amd64 node-is-extendable all 1.0.1-3 [5258 B]
#6 43.70 Get:308 http://archive.ubuntu.com/ubuntu noble/universe amd64 node-clone-deep all 4.0.1+~cs7.0.2-1 [6822 B]
#6 43.70 Get:309 http://archive.ubuntu.com/ubuntu noble/universe amd64 node-commander all 9.4.1-1 [50.6 kB]
#6 43.72 Get:310 http://archive.ubuntu.com/ubuntu noble/universe amd64 node-core-js all 3.33.2-1build2 [270 kB]
#6 43.77 Get:311 http://archive.ubuntu.com/ubuntu noble/universe amd64 node-core-js-pure all 3.33.2-1build2 [250 kB]
#6 43.80 Get:312 http://archive.ubuntu.com/ubuntu noble/universe amd64 node-fs-readdir-recursive all 1.1.0+~1.1.0-1 [4552 B]
#6 43.80 Get:313 http://archive.ubuntu.com/ubuntu noble/universe amd64 node-js-tokens all 8.0.0-2 [12.1 kB]
#6 43.80 Get:314 http://archive.ubuntu.com/ubuntu noble/universe amd64 node-jsesc all 3.0.2+~3.0.1-1 [18.0 kB]
#6 43.80 Get:315 http://archive.ubuntu.com/ubuntu noble/universe amd64 node-json5 all 2.2.3+dfsg-1build1 [21.9 kB]
#6 43.80 Get:316 http://archive.ubuntu.com/ubuntu noble/universe amd64 node-quick-lru all 6.1.1-4 [8190 B]
#6 43.80 Get:317 http://archive.ubuntu.com/ubuntu noble/universe amd64 node-regenerator-transform all 0.15.2+~0.10.8-1 [25.5 kB]
#6 43.80 Get:318 http://archive.ubuntu.com/ubuntu noble/universe amd64 node-regjsgen all 0.7.1+ds-1 [7048 B]
#6 43.80 Get:319 http://archive.ubuntu.com/ubuntu noble/universe amd64 node-regjsparser all 0.9.1+ds-2 [21.6 kB]
#6 43.80 Get:320 http://archive.ubuntu.com/ubuntu noble/universe amd64 node-unicode-canonical-property-names-ecmascript all 2.0.0-2 [4558 B]
#6 43.82 Get:321 http://archive.ubuntu.com/ubuntu noble/universe amd64 node-unicode-property-aliases-ecmascript all 2.1.0+ds-1 [5316 B]
#6 43.82 Get:322 http://archive.ubuntu.com/ubuntu noble/universe amd64 node-unicode-match-property-ecmascript all 2.0.0-2 [4420 B]
#6 43.83 Get:323 http://archive.ubuntu.com/ubuntu noble/universe amd64 node-unicode-match-property-value-ecmascript all 2.1.0+ds-1 [7486 B]
#6 43.83 Get:324 http://archive.ubuntu.com/ubuntu noble/universe amd64 node-regexpu-core all 5.2.2-3 [15.5 kB]
#6 43.83 Get:325 http://archive.ubuntu.com/ubuntu noble/universe amd64 node-source-map-support all 0.5.21+ds+~0.5.4-1 [14.2 kB]
#6 43.85 Get:326 http://archive.ubuntu.com/ubuntu noble/universe amd64 node-to-fast-properties all 3.0.1-3 [4334 B]
#6 43.85 Get:327 http://archive.ubuntu.com/ubuntu noble/universe amd64 node-v8flags all 3.2.0+~3.1.1-1 [7766 B]
#6 43.85 Get:328 http://archive.ubuntu.com/ubuntu noble/universe amd64 node-babel7 all 7.20.15+ds1+~cs214.269.168-6build1 [627 kB]
#6 43.90 Get:329 http://archive.ubuntu.com/ubuntu noble/universe amd64 node-is-arrayish all 0.3.2-3 [3970 B]
#6 43.90 Get:330 http://archive.ubuntu.com/ubuntu noble/universe amd64 node-error-ex all 1.3.2-4 [5708 B]
#6 43.90 Get:331 http://archive.ubuntu.com/ubuntu noble/universe amd64 node-json-parse-better-errors all 1.0.2+~cs3.3.1-2 [7384 B]
#6 43.90 Get:332 http://archive.ubuntu.com/ubuntu noble/universe amd64 node-parse-json all 5.2.0+~cs5.1.7-1 [7516 B]
#6 43.92 Get:333 http://archive.ubuntu.com/ubuntu noble/universe amd64 node-hosted-git-info all 6.1.1-2 [9904 B]
#6 43.92 Get:334 http://archive.ubuntu.com/ubuntu noble/universe amd64 node-spdx-license-ids all 3.0.12-1 [6488 B]
#6 43.92 Get:335 http://archive.ubuntu.com/ubuntu noble/universe amd64 node-spdx-exceptions all 2.3.0-2 [3978 B]
#6 43.92 Get:336 http://archive.ubuntu.com/ubuntu noble/universe amd64 node-spdx-expression-parse all 3.0.1+~3.0.1-1 [7658 B]
#6 43.92 Get:337 http://archive.ubuntu.com/ubuntu noble/universe amd64 node-spdx-correct all 3.1.1-2 [5476 B]
#6 43.94 Get:338 http://archive.ubuntu.com/ubuntu noble/universe amd64 node-validate-npm-package-license all 3.0.4-2 [4252 B]
#6 43.94 Get:339 http://archive.ubuntu.com/ubuntu noble/universe amd64 node-normalize-package-data all 4.0.1+~2.4.1-1 [13.1 kB]
#6 43.94 Get:340 http://archive.ubuntu.com/ubuntu noble/universe amd64 node-read-pkg all 5.2.0-2 [24.5 kB]
#6 43.94 Get:341 http://archive.ubuntu.com/ubuntu noble/universe amd64 node-uuid all 8.3.2+~8.3.3-4 [36.0 kB]
#6 43.94 Get:342 http://archive.ubuntu.com/ubuntu noble/universe amd64 node-isexe all 2.0.0+~2.0.1-5 [6078 B]
#6 43.95 Get:343 http://archive.ubuntu.com/ubuntu noble/universe amd64 node-which all 2.0.2+~cs1.3.2-3 [7154 B]
#6 43.96 Get:344 http://archive.ubuntu.com/ubuntu noble/universe amd64 node-is-typedarray all 1.0.0-4 [2072 B]
#6 43.96 Get:345 http://archive.ubuntu.com/ubuntu noble/universe amd64 node-typedarray-to-buffer all 4.0.0-2 [2242 B]
#6 43.96 Get:346 http://archive.ubuntu.com/ubuntu noble/universe amd64 node-write-file-atomic all 4.0.2+~4.0.0-2 [8750 B]
#6 43.96 Get:347 http://archive.ubuntu.com/ubuntu noble/universe amd64 node-slice-ansi all 5.0.0+~cs9.0.0-5 [9044 B]
#6 43.99 Get:348 http://archive.ubuntu.com/ubuntu noble/universe amd64 node-ansi-regex all 5.0.1-1 [4984 B]
#6 43.99 Get:349 http://archive.ubuntu.com/ubuntu noble/universe amd64 node-strip-ansi all 6.0.1-2 [4128 B]
#6 43.99 Get:350 http://archive.ubuntu.com/ubuntu noble/universe amd64 node-clone all 2.1.2+~2.1.2-1 [9340 B]
#6 43.99 Get:351 http://archive.ubuntu.com/ubuntu noble/universe amd64 node-defaults all 1.0.4+~1.0.3-1 [4394 B]
#6 43.99 Get:352 http://archive.ubuntu.com/ubuntu noble/universe amd64 node-wcwidth.js all 1.0.2-2 [7204 B]
#6 44.00 Get:353 http://archive.ubuntu.com/ubuntu noble/universe amd64 node-string-width all 4.2.3+~cs13.2.3-1 [11.4 kB]
#6 44.00 Get:354 http://archive.ubuntu.com/ubuntu noble/universe amd64 node-wrap-ansi all 8.0.1+~8.0.1-3 [12.2 kB]
#6 44.00 Get:355 http://archive.ubuntu.com/ubuntu noble/universe amd64 node-cliui all 7.0.4+repack+~cs3.1.0-4 [10.8 kB]
#6 44.00 Get:356 http://archive.ubuntu.com/ubuntu noble/universe amd64 node-get-caller-file all 2.0.5+~cs1.1.1-4 [5774 B]
#6 44.00 Get:357 http://archive.ubuntu.com/ubuntu noble/universe amd64 node-require-directory all 2.1.1+~2.1.2-1 [7190 B]
#6 44.10 Get:358 http://archive.ubuntu.com/ubuntu noble/universe amd64 node-y18n all 5.0.8+~5.0.0-3 [9390 B]
#6 44.10 Get:359 http://archive.ubuntu.com/ubuntu noble/universe amd64 node-camelcase all 7.0.0-3 [6104 B]
#6 44.10 Get:360 http://archive.ubuntu.com/ubuntu noble/universe amd64 node-yargs-parser all 21.1.1+~21.0.0-4 [23.6 kB]
#6 44.11 Get:361 http://archive.ubuntu.com/ubuntu noble/universe amd64 node-yargs all 16.2.0+~16.0.4-7 [123 kB]
#6 44.13 Get:362 http://archive.ubuntu.com/ubuntu noble/universe amd64 node-istanbul all 0.4.5+repack10+~cs98.25.59-2 [211 kB]
#6 44.15 Get:363 http://archive.ubuntu.com/ubuntu noble/universe amd64 node-through all 2.3.8+~cs0.0.30-1 [5496 B]
#6 44.15 Get:364 http://archive.ubuntu.com/ubuntu noble/universe amd64 node-resumer all 0.0.0-6 [4054 B]
#6 44.15 Get:365 http://archive.ubuntu.com/ubuntu noble/universe amd64 node-tape all 5.6.1+~cs8.20.19-1 [31.3 kB]
#6 44.15 Get:366 http://archive.ubuntu.com/ubuntu noble/universe amd64 node-deep-equal all 2.2.3+~cs43.15.94-1 [39.6 kB]
#6 44.15 Get:367 http://archive.ubuntu.com/ubuntu noble/universe amd64 libjs-util all 0.12.5+~1.0.10-1 [15.4 kB]
#6 44.17 Get:368 http://archive.ubuntu.com/ubuntu noble-updates/main amd64 libssl-dev amd64 3.0.13-0ubuntu3.12 [2408 kB]
#6 44.35 Get:369 http://archive.ubuntu.com/ubuntu noble/main amd64 libuv1-dev amd64 1.48.0-1.1build1 [136 kB]
#6 44.35 Get:370 http://archive.ubuntu.com/ubuntu noble/universe amd64 libnode-dev amd64 18.19.1+dfsg-6ubuntu5 [501 kB]
#6 44.39 Get:371 http://archive.ubuntu.com/ubuntu noble/main amd64 libpkgconf3 amd64 1.8.1-2build1 [30.7 kB]
#6 44.39 Get:372 http://archive.ubuntu.com/ubuntu noble/main amd64 rubygems-integration all 1.18 [5336 B]
#6 44.39 Get:373 http://archive.ubuntu.com/ubuntu noble-updates/main amd64 ruby3.2 amd64 3.2.3-1ubuntu0.24.04.8 [50.7 kB]
#6 44.39 Get:374 http://archive.ubuntu.com/ubuntu noble/main amd64 ruby-rubygems all 3.4.20-1 [238 kB]
#6 44.42 Get:375 http://archive.ubuntu.com/ubuntu noble/main amd64 ruby amd64 1:3.2~ubuntu1 [3466 B]
#6 44.42 Get:376 http://archive.ubuntu.com/ubuntu noble/main amd64 rake all 13.0.6-3 [61.6 kB]
#6 44.42 Get:377 http://archive.ubuntu.com/ubuntu noble/main amd64 ruby-net-telnet all 0.2.0-1 [13.3 kB]
#6 44.42 Get:378 http://archive.ubuntu.com/ubuntu noble-updates/main amd64 ruby-webrick all 1.8.1-1ubuntu0.2 [53.0 kB]
#6 44.45 Get:379 http://archive.ubuntu.com/ubuntu noble/main amd64 ruby-xmlrpc all 0.3.2-2 [24.8 kB]
#6 44.45 Get:380 http://archive.ubuntu.com/ubuntu noble/main amd64 ruby-sdbm amd64 1.0.0-5build4 [16.2 kB]
#6 44.45 Get:381 http://archive.ubuntu.com/ubuntu noble-updates/main amd64 libruby3.2 amd64 3.2.3-1ubuntu0.24.04.8 [5342 kB]
#6 45.08 Get:382 http://archive.ubuntu.com/ubuntu noble/main amd64 libruby amd64 1:3.2~ubuntu1 [4694 B]
#6 45.08 Get:383 http://archive.ubuntu.com/ubuntu noble/universe amd64 node-agent-base all 7.1.0~0~2023071921-5 [9738 B]
#6 45.08 Get:384 http://archive.ubuntu.com/ubuntu noble/universe amd64 node-ajv-keywords all 5.1.0-4 [33.1 kB]
#6 45.08 Get:385 http://archive.ubuntu.com/ubuntu noble/universe amd64 node-ansi-escapes all 5.0.0+really.4.3.1-1 [9070 B]
#6 45.08 Get:386 http://archive.ubuntu.com/ubuntu noble/universe amd64 node-aproba all 2.0.0-3 [5698 B]
#6 45.08 Get:387 http://archive.ubuntu.com/ubuntu noble/universe amd64 node-delegates all 1.0.0-3 [4280 B]
#6 45.08 Get:388 http://archive.ubuntu.com/ubuntu noble/universe amd64 node-are-we-there-yet all 3.0.1+~1.1.0-1 [9066 B]
#6 45.08 Get:389 http://archive.ubuntu.com/ubuntu noble/universe amd64 node-async-each all 1.0.3-3 [4174 B]
#6 45.08 Get:390 http://archive.ubuntu.com/ubuntu noble/universe amd64 node-babel-plugin-lodash all 3.3.4+~cs2.0.1-7 [11.3 kB]
#6 45.10 Get:391 http://archive.ubuntu.com/ubuntu noble/universe amd64 node-base64-js all 1.5.1+dfsg+~1.3.0-2 [7236 B]
#6 45.10 Get:392 http://archive.ubuntu.com/ubuntu noble/universe amd64 node-binary-extensions all 2.2.0-2 [4488 B]
#6 45.10 Get:393 http://archive.ubuntu.com/ubuntu noble/universe amd64 node-builtins all 5.0.1-1 [4082 B]
#6 45.12 Get:394 http://archive.ubuntu.com/ubuntu noble/universe amd64 node-chownr all 2.0.0-2 [4446 B]
#6 45.12 Get:395 http://archive.ubuntu.com/ubuntu noble/universe amd64 node-iconv-lite all 0.6.3-3 [158 kB]
#6 45.15 Get:396 http://archive.ubuntu.com/ubuntu noble/universe amd64 node-encoding all 0.1.13-2 [4366 B]
#6 45.15 Get:397 http://archive.ubuntu.com/ubuntu noble/universe amd64 node-jsonparse all 1.3.1-10 [8060 B]
#6 45.15 Get:398 http://archive.ubuntu.com/ubuntu noble/universe amd64 node-minipass all 3.3.6+~cs9.4.19-1 [42.3 kB]
#6 45.15 Get:399 http://archive.ubuntu.com/ubuntu noble/universe amd64 node-iferr all 1.0.2+~1.0.2-1 [4610 B]
#6 45.15 Get:400 http://archive.ubuntu.com/ubuntu noble/universe amd64 node-fs-write-stream-atomic all 1.0.10-6 [5362 B]
#6 45.15 Get:401 http://archive.ubuntu.com/ubuntu noble/universe amd64 node-run-queue all 2.0.0-3 [5086 B]
#6 45.15 Get:402 http://archive.ubuntu.com/ubuntu noble/universe amd64 node-copy-concurrently all 1.0.5-9 [7200 B]
#6 45.16 Get:403 http://archive.ubuntu.com/ubuntu noble/universe amd64 node-move-concurrently all 1.0.1-5 [5182 B]
#6 45.39 Get:404 http://archive.ubuntu.com/ubuntu noble/universe amd64 node-promise-inflight all 1.0.1+~1.0.0-1 [4896 B]
#6 45.50 Get:405 http://archive.ubuntu.com/ubuntu noble/universe amd64 node-ssri all 9.0.1-2 [14.7 kB]
#6 45.52 Get:406 http://archive.ubuntu.com/ubuntu noble/universe amd64 node-unique-filename all 1.1.1+ds-2 [3914 B]
#6 45.61 Get:407 http://archive.ubuntu.com/ubuntu noble/universe amd64 node-cacache all 17.0.3+~cs10.3.7-1 [33.9 kB]
#6 45.67 Get:408 http://archive.ubuntu.com/ubuntu noble/universe amd64 node-is-binary-path all 2.1.0-5 [3676 B]
#6 45.69 Get:409 http://archive.ubuntu.com/ubuntu noble/universe amd64 node-path-is-absolute all 2.0.0-2 [4062 B]
#6 45.71 Get:410 http://archive.ubuntu.com/ubuntu noble/universe amd64 node-set-immediate-shim all 2.0.0-2 [3696 B]
#6 45.72 Get:411 http://archive.ubuntu.com/ubuntu noble/universe amd64 node-readdirp all 3.6.0-1 [11.8 kB]
#6 45.75 Get:412 http://archive.ubuntu.com/ubuntu noble/universe amd64 node-chokidar all 3.6.0-2 [32.9 kB]
#6 45.80 Get:413 http://archive.ubuntu.com/ubuntu noble/universe amd64 node-tslib all 2.4.1-1 [19.7 kB]
#6 45.84 Get:414 http://archive.ubuntu.com/ubuntu noble/universe amd64 node-chrome-trace-event all 1.0.3-2 [6680 B]
#6 45.84 Get:415 http://archive.ubuntu.com/ubuntu noble/universe amd64 node-ci-info all 4.0.0+~cs1.1.0-1build2 [11.2 kB]
#6 45.85 Get:416 http://archive.ubuntu.com/ubuntu noble/universe amd64 node-colors all 1.4.0-4 [12.0 kB]
#6 45.86 Get:417 http://archive.ubuntu.com/ubuntu noble/universe amd64 node-columnify all 1.6.0+~1.5.1-1 [12.7 kB]
#6 45.87 Get:418 http://archive.ubuntu.com/ubuntu noble/universe amd64 node-console-control-strings all 1.1.0-3 [5616 B]
#6 45.87 Get:419 http://archive.ubuntu.com/ubuntu noble/universe amd64 node-css-selector-tokenizer all 0.8.0+~cs4.8.3-1 [13.2 kB]
#6 45.89 Get:420 http://archive.ubuntu.com/ubuntu noble/universe amd64 node-postcss all 8.4.31+~cs8.0.26-1 [180 kB]
#6 46.00 Get:421 http://archive.ubuntu.com/ubuntu noble/universe amd64 node-icss-utils all 5.1.0+~5.1.0-1 [7176 B]
#6 46.00 Get:422 http://archive.ubuntu.com/ubuntu noble/universe amd64 node-postcss-modules-extract-imports all 3.0.0-2 [6080 B]
#6 46.00 Get:423 http://archive.ubuntu.com/ubuntu noble/universe amd64 node-postcss-modules-values all 4.0.0+~4.0.0-1 [6624 B]
#6 46.00 Get:424 http://archive.ubuntu.com/ubuntu noble/universe amd64 node-postcss-value-parser all 4.2.0-1 [10.6 kB]
#6 46.00 Get:425 http://archive.ubuntu.com/ubuntu noble/universe amd64 node-prr all 1.0.1-3 [4344 B]
#6 46.09 Get:426 http://archive.ubuntu.com/ubuntu noble/universe amd64 node-errno all 1.0.0-3 [7962 B]
#6 46.10 Get:427 http://archive.ubuntu.com/ubuntu noble/universe amd64 node-memory-fs all 0.5.0+~0.3.3-2 [7744 B]
#6 46.10 Get:428 http://archive.ubuntu.com/ubuntu noble/universe amd64 node-tapable all 2.2.1-3 [13.8 kB]
#6 46.10 Get:429 http://archive.ubuntu.com/ubuntu noble/universe amd64 node-enhanced-resolve all 5.15.0-1 [36.9 kB]
#6 46.20 Get:430 http://archive.ubuntu.com/ubuntu noble/universe amd64 node-es-module-lexer all 1.1.0+dfsg-3 [20.7 kB]
#6 46.21 Get:431 http://archive.ubuntu.com/ubuntu noble/universe amd64 node-events all 3.3.0+~3.0.0-3 [3084 B]
#6 46.21 Get:432 http://archive.ubuntu.com/ubuntu noble/universe amd64 node-resolve-cwd all 3.0.0-2 [4216 B]
#6 46.21 Get:433 http://archive.ubuntu.com/ubuntu noble/universe amd64 node-jest-debbundle all 29.6.2~ds1+~cs73.45.28-5 [55.4 kB]
#6 46.21 Get:434 http://archive.ubuntu.com/ubuntu noble/universe amd64 node-interpret all 2.2.0-3 [6946 B]
#6 46.21 Get:435 http://archive.ubuntu.com/ubuntu noble/universe amd64 node-merge-stream all 2.0.0+~1.1.2-2 [5178 B]
#6 46.31 Get:436 http://archive.ubuntu.com/ubuntu noble/universe amd64 node-jest-worker all 29.6.2~ds1+~cs73.45.28-5 [42.4 kB]
#6 46.31 Get:437 http://archive.ubuntu.com/ubuntu noble/universe amd64 node-loader-runner all 4.3.0-1 [7742 B]
#6 46.32 Get:438 http://archive.ubuntu.com/ubuntu noble/universe amd64 node-mime all 3.0.0+dfsg+~cs6.97.2-1 [37.8 kB]
#6 46.32 Get:439 http://archive.ubuntu.com/ubuntu noble/universe amd64 node-mime-types all 2.1.35-2 [6818 B]
#6 46.41 Get:440 http://archive.ubuntu.com/ubuntu noble/universe amd64 node-rechoir all 0.8.0+~0.6.1-2 [6382 B]
#6 46.42 Get:441 http://archive.ubuntu.com/ubuntu noble/universe amd64 node-schema-utils all 4.2.0~ds-3build3 [19.2 kB]
#6 46.42 Get:442 http://archive.ubuntu.com/ubuntu noble/universe amd64 node-randombytes all 2.1.0+~2.0.0-2 [4812 B]
#6 46.42 Get:443 http://archive.ubuntu.com/ubuntu noble/universe amd64 node-serialize-javascript all 6.0.1-1 [13.2 kB]
#6 46.42 Get:444 http://archive.ubuntu.com/ubuntu noble/universe amd64 node-watchpack all 2.4.0+~cs2.8.1-1 [20.7 kB]
#6 46.43 Get:445 http://archive.ubuntu.com/ubuntu noble/universe amd64 node-webassemblyjs all 1.11.4+dfsg+~cs10.11.17-2 [143 kB]
#6 46.53 Get:446 http://archive.ubuntu.com/ubuntu noble/universe amd64 node-source-list-map all 2.0.1+dfsg+~0.1.2-1 [10.3 kB]
#6 46.53 Get:447 http://archive.ubuntu.com/ubuntu noble/universe amd64 node-webpack-sources all 3.2.3+~3.2.0-2 [23.8 kB]
#6 46.53 Get:448 http://archive.ubuntu.com/ubuntu noble/universe amd64 node-terser all 5.19.2-1 [202 kB]
#6 46.57 Get:449 http://archive.ubuntu.com/ubuntu noble/universe amd64 terser all 5.19.2-1 [4266 B]
#6 46.65 Get:450 http://archive.ubuntu.com/ubuntu noble/universe amd64 webpack all 5.76.1+dfsg1+~cs17.16.16-1 [726 kB]
#6 46.76 Get:451 http://archive.ubuntu.com/ubuntu noble/universe amd64 node-css-loader all 6.8.1+~cs14.0.17-1 [64.0 kB]
#6 46.86 Get:452 http://archive.ubuntu.com/ubuntu noble/universe amd64 node-data-uri-to-buffer all 5.0.1~0~2023071921-5 [6848 B]
#6 46.86 Get:453 http://archive.ubuntu.com/ubuntu noble/universe amd64 node-mimic-response all 3.1.0-8 [5500 B]
#6 46.86 Get:454 http://archive.ubuntu.com/ubuntu noble/universe amd64 node-decompress-response all 6.0.0-2 [4656 B]
#6 46.86 Get:455 http://archive.ubuntu.com/ubuntu noble/universe amd64 node-diff all 5.0.0~dfsg+~5.0.1-4 [76.7 kB]
#6 46.95 Get:456 http://archive.ubuntu.com/ubuntu noble/universe amd64 node-err-code all 2.0.3+dfsg-3 [4918 B]
#6 46.95 Get:457 http://archive.ubuntu.com/ubuntu noble/universe amd64 node-time-stamp all 2.2.0-2 [6012 B]
#6 46.95 Get:458 http://archive.ubuntu.com/ubuntu noble/universe amd64 node-fancy-log all 1.3.3+~cs1.3.1-2 [8102 B]
#6 46.95 Get:459 http://archive.ubuntu.com/ubuntu noble/universe amd64 node-fetch all 3.3.2+~cs11.4.11-1 [559 kB]
#6 47.03 Get:460 http://archive.ubuntu.com/ubuntu noble/universe amd64 node-has-unicode all 2.0.1-5 [3962 B]
#6 47.13 Get:461 http://archive.ubuntu.com/ubuntu noble/universe amd64 node-wide-align all 1.1.3-4 [4228 B]
#6 47.14 Get:462 http://archive.ubuntu.com/ubuntu noble/universe amd64 node-gauge all 4.0.4-2 [16.1 kB]
#6 47.14 Get:463 http://archive.ubuntu.com/ubuntu noble/universe amd64 node-end-of-stream all 1.4.4+~1.4.1-1 [5340 B]
#6 47.14 Get:464 http://archive.ubuntu.com/ubuntu noble/universe amd64 node-pump all 3.0.0-5 [5160 B]
#6 47.14 Get:465 http://archive.ubuntu.com/ubuntu noble/universe amd64 node-get-stream all 6.0.1-1 [7324 B]
#6 47.14 Get:466 http://archive.ubuntu.com/ubuntu noble/universe amd64 node-lowercase-keys all 2.0.0-2 [3754 B]
#6 47.14 Get:467 http://archive.ubuntu.com/ubuntu noble/universe amd64 node-json-buffer all 3.0.1+~3.0.0-1 [4554 B]
#6 47.14 Get:468 http://archive.ubuntu.com/ubuntu noble/universe amd64 node-p-cancelable all 2.1.1-1 [7358 B]
#6 47.24 Get:469 http://archive.ubuntu.com/ubuntu noble/universe amd64 node-got all 11.8.5+~cs58.13.36-3 [122 kB]
#6 47.25 Get:470 http://archive.ubuntu.com/ubuntu noble/universe amd64 node-http-proxy-agent all 7.0.0~0~2023071921-5 [8596 B]
#6 47.35 Get:471 http://archive.ubuntu.com/ubuntu noble/universe amd64 node-https-proxy-agent all 7.0.1~0~2023071921-5 [11.3 kB]
#6 47.35 Get:472 http://archive.ubuntu.com/ubuntu noble/universe amd64 node-ieee754 all 1.2.1-3 [5340 B]
#6 47.35 Get:473 http://archive.ubuntu.com/ubuntu noble/universe amd64 node-ip all 2.0.0+~1.1.0-1ubuntu1 [8798 B]
#6 47.35 Get:474 http://archive.ubuntu.com/ubuntu noble/universe amd64 node-ip-regex all 4.3.0+~4.1.1-1 [5254 B]
#6 47.35 Get:475 http://archive.ubuntu.com/ubuntu noble/universe amd64 node-read-package-json all 5.0.2+~2.0.0-1 [10.8 kB]
#6 47.35 Get:476 http://archive.ubuntu.com/ubuntu noble/universe amd64 node-npm-bundled all 2.0.1-2 [5924 B]
#6 47.35 Get:477 http://archive.ubuntu.com/ubuntu noble/universe amd64 node-osenv all 0.1.5+~0.1.1-1 [5972 B]
#6 47.35 Get:478 http://archive.ubuntu.com/ubuntu noble/universe amd64 node-validate-npm-package-name all 5.0.0+~4.0.0-1 [6492 B]
#6 47.52 Get:479 http://archive.ubuntu.com/ubuntu noble/universe amd64 node-npm-package-arg all 10.0.0+~3.0.0-2 [9658 B]
#6 47.52 Get:480 http://archive.ubuntu.com/ubuntu noble/universe amd64 node-retry all 0.13.1+~0.12.1-1 [11.5 kB]
#6 47.63 Get:481 http://archive.ubuntu.com/ubuntu noble/universe amd64 node-promise-retry all 2.0.1-4 [5040 B]
#6 47.63 Get:482 http://archive.ubuntu.com/ubuntu noble/universe amd64 node-mute-stream all 0.0.8+~0.0.1-3 [6282 B]
#6 47.63 Get:483 http://archive.ubuntu.com/ubuntu noble/universe amd64 node-read all 1.0.7-5 [5426 B]
#6 47.63 Get:484 http://archive.ubuntu.com/ubuntu noble/universe amd64 node-promzard all 0.3.0-2 [6888 B]
#6 47.64 Get:485 http://archive.ubuntu.com/ubuntu noble/universe amd64 node-set-blocking all 2.0.0-2 [3766 B]
#6 47.64 Get:486 http://archive.ubuntu.com/ubuntu noble/universe amd64 node-text-table all 0.2.0-4 [4762 B]
#6 47.64 Get:487 http://archive.ubuntu.com/ubuntu noble-updates/universe amd64 python3-pip-whl all 24.0+dfsg-1ubuntu1.3 [1707 kB]
#6 47.87 Get:488 http://archive.ubuntu.com/ubuntu noble-updates/universe amd64 python3-setuptools-whl all 68.1.2-2ubuntu1.2 [716 kB]
#6 47.93 Get:489 http://archive.ubuntu.com/ubuntu noble-updates/universe amd64 python3.12-venv amd64 3.12.3-1ubuntu0.15 [5674 B]
#6 47.93 Get:490 http://archive.ubuntu.com/ubuntu noble-updates/universe amd64 python3-venv amd64 3.12.3-0ubuntu2.1 [1032 B]
#6 48.00 Get:491 http://archive.ubuntu.com/ubuntu noble-updates/universe amd64 python3-argcomplete all 3.1.4-1ubuntu0.1 [33.8 kB]
#6 48.00 Get:492 http://archive.ubuntu.com/ubuntu noble/main amd64 python3-packaging all 24.0-1 [41.1 kB]
#6 48.00 Get:493 http://archive.ubuntu.com/ubuntu noble/main amd64 python3-platformdirs all 4.2.0-1 [16.1 kB]
#6 48.00 Get:494 http://archive.ubuntu.com/ubuntu noble/main amd64 python3-colorama all 0.4.6-4 [32.1 kB]
#6 48.11 Get:495 http://archive.ubuntu.com/ubuntu noble/main amd64 python3-click all 8.1.6-2 [79.0 kB]
#6 48.19 Get:496 http://archive.ubuntu.com/ubuntu noble/universe amd64 python3-userpath all 1.9.1-1 [9416 B]
#6 48.19 Get:497 http://archive.ubuntu.com/ubuntu noble/universe amd64 pipx all 1.4.3-1 [787 kB]
#6 48.39 Get:498 http://archive.ubuntu.com/ubuntu noble/main amd64 pkgconf-bin amd64 1.8.1-2build1 [20.7 kB]
#6 48.39 Get:499 http://archive.ubuntu.com/ubuntu noble/main amd64 pkgconf amd64 1.8.1-2build1 [16.8 kB]
#6 48.39 Get:500 http://archive.ubuntu.com/ubuntu noble/main amd64 pkg-config amd64 1.8.1-2build1 [7264 B]
#6 48.40 Get:501 http://archive.ubuntu.com/ubuntu noble-updates/main amd64 python3-setuptools all 68.1.2-2ubuntu1.2 [397 kB]
#6 48.52 Get:502 http://archive.ubuntu.com/ubuntu noble/universe amd64 python3-wheel all 0.42.0-2 [53.1 kB]
#6 48.53 Get:503 http://archive.ubuntu.com/ubuntu noble-updates/universe amd64 python3-pip all 24.0+dfsg-1ubuntu1.3 [1320 kB]
#6 48.62 Get:504 http://archive.ubuntu.com/ubuntu noble-updates/main amd64 unzip amd64 6.0-28ubuntu4.1 [174 kB]
#6 48.96 Get:505 http://archive.ubuntu.com/ubuntu noble/universe amd64 node-cli-table all 0.3.11+~cs0.13.4-3 [23.2 kB]
#6 49.19 Get:506 http://archive.ubuntu.com/ubuntu noble/universe amd64 node-depd all 2.0.0-2 [10.5 kB]
#6 49.21 Get:507 http://archive.ubuntu.com/ubuntu noble/universe amd64 node-npmlog all 7.0.1+~4.1.4-1 [9826 B]
#6 49.37 Get:508 http://archive.ubuntu.com/ubuntu noble/universe amd64 node-tar all 6.1.13+~cs7.0.5-3 [51.1 kB]
#6 49.48 Get:509 http://archive.ubuntu.com/ubuntu noble/universe amd64 node-gyp all 9.3.0-3 [36.1 kB]
#6 49.52 Get:510 http://archive.ubuntu.com/ubuntu noble/universe amd64 node-ini all 3.0.1-2 [6480 B]
#6 49.52 Get:511 http://archive.ubuntu.com/ubuntu noble/universe amd64 node-negotiator all 0.6.3+~0.6.1-1 [10.1 kB]
#6 49.53 Get:512 http://archive.ubuntu.com/ubuntu noble/universe amd64 npm all 9.2.0~ds1-2 [631 kB]
#6 51.22 debconf: delaying package configuration, since apt-utils is not installed
#6 51.32 Fetched 161 MB in 28s (5637 kB/s)
#6 51.44 (Reading database ... (Reading database ... 5%(Reading database ... 10%(Reading database ... 15%(Reading database ... 20%(Reading database ... 25%(Reading database ... 30%(Reading database ... 35%(Reading database ... 40%(Reading database ... 45%(Reading database ... 50%(Reading database ... 55%(Reading database ... 60%(Reading database ... 65%(Reading database ... 70%(Reading database ... 75%(Reading database ... 80%(Reading database ... 85%(Reading database ... 90%(Reading database ... 95%(Reading database ... 100%(Reading database ... 4381 files and directories currently installed.)
#6 51.46 Preparing to unpack .../ncurses-bin_6.4+20240113-1ubuntu2.1_amd64.deb ...
#6 51.53 Unpacking ncurses-bin (6.4+20240113-1ubuntu2.1) over (6.4+20240113-1ubuntu2) ...
#6 51.86 Setting up ncurses-bin (6.4+20240113-1ubuntu2.1) ...
#6 52.15 (Reading database ... (Reading database ... 5%(Reading database ... 10%(Reading database ... 15%(Reading database ... 20%(Reading database ... 25%(Reading database ... 30%(Reading database ... 35%(Reading database ... 40%(Reading database ... 45%(Reading database ... 50%(Reading database ... 55%(Reading database ... 60%(Reading database ... 65%(Reading database ... 70%(Reading database ... 75%(Reading database ... 80%(Reading database ... 85%(Reading database ... 90%(Reading database ... 95%(Reading database ... 100%(Reading database ... 4381 files and directories currently installed.)
#6 52.16 Preparing to unpack .../perl-base_5.38.2-3.2ubuntu0.3_amd64.deb ...
#6 52.26 Unpacking perl-base (5.38.2-3.2ubuntu0.3) over (5.38.2-3.2ubuntu0.2) ...
#6 62.10 Setting up perl-base (5.38.2-3.2ubuntu0.3) ...
#6 62.47 (Reading database ... (Reading database ... 5%(Reading database ... 10%(Reading database ... 15%(Reading database ... 20%(Reading database ... 25%(Reading database ... 30%(Reading database ... 35%(Reading database ... 40%(Reading database ... 45%(Reading database ... 50%(Reading database ... 55%(Reading database ... 60%(Reading database ... 65%(Reading database ... 70%(Reading database ... 75%(Reading database ... 80%(Reading database ... 85%(Reading database ... 90%(Reading database ... 95%(Reading database ... 100%(Reading database ... 4381 files and directories currently installed.)
#6 62.49 Preparing to unpack .../libc6_2.39-0ubuntu8.8_amd64.deb ...
#6 62.83 Unpacking libc6:amd64 (2.39-0ubuntu8.8) over (2.39-0ubuntu8.7) ...
#6 69.79 Setting up libc6:amd64 (2.39-0ubuntu8.8) ...
#6 71.44 (Reading database ... (Reading database ... 5%(Reading database ... 10%(Reading database ... 15%(Reading database ... 20%(Reading database ... 25%(Reading database ... 30%(Reading database ... 35%(Reading database ... 40%(Reading database ... 45%(Reading database ... 50%(Reading database ... 55%(Reading database ... 60%(Reading database ... 65%(Reading database ... 70%(Reading database ... 75%(Reading database ... 80%(Reading database ... 85%(Reading database ... 90%(Reading database ... 95%(Reading database ... 100%(Reading database ... 4381 files and directories currently installed.)
#6 71.45 Preparing to unpack .../libc-bin_2.39-0ubuntu8.8_amd64.deb ...
#6 71.55 Unpacking libc-bin (2.39-0ubuntu8.8) over (2.39-0ubuntu8.7) ...
#6 72.31 Setting up libc-bin (2.39-0ubuntu8.8) ...
#6 72.85 (Reading database ... (Reading database ... 5%(Reading database ... 10%(Reading database ... 15%(Reading database ... 20%(Reading database ... 25%(Reading database ... 30%(Reading database ... 35%(Reading database ... 40%(Reading database ... 45%(Reading database ... 50%(Reading database ... 55%(Reading database ... 60%(Reading database ... 65%(Reading database ... 70%(Reading database ... 75%(Reading database ... 80%(Reading database ... 85%(Reading database ... 90%(Reading database ... 95%(Reading database ... 100%(Reading database ... 4381 files and directories currently installed.)
#6 72.86 Preparing to unpack .../ncurses-base_6.4+20240113-1ubuntu2.1_all.deb ...
#6 72.93 Unpacking ncurses-base (6.4+20240113-1ubuntu2.1) over (6.4+20240113-1ubuntu2) ...
#6 73.87 Setting up ncurses-base (6.4+20240113-1ubuntu2.1) ...
#6 74.14 (Reading database ... (Reading database ... 5%(Reading database ... 10%(Reading database ... 15%(Reading database ... 20%(Reading database ... 25%(Reading database ... 30%(Reading database ... 35%(Reading database ... 40%(Reading database ... 45%(Reading database ... 50%(Reading database ... 55%(Reading database ... 60%(Reading database ... 65%(Reading database ... 70%(Reading database ... 75%(Reading database ... 80%(Reading database ... 85%(Reading database ... 90%(Reading database ... 95%(Reading database ... 100%(Reading database ... 4381 files and directories currently installed.)
#6 74.15 Preparing to unpack .../libssl3t64_3.0.13-0ubuntu3.12_amd64.deb ...
#6 74.24 Unpacking libssl3t64:amd64 (3.0.13-0ubuntu3.12) over (3.0.13-0ubuntu3.11) ...
#6 74.79 Setting up libssl3t64:amd64 (3.0.13-0ubuntu3.12) ...
#6 75.13 Selecting previously unselected package libpython3.12-minimal:amd64.
#6 75.13 (Reading database ... (Reading database ... 5%(Reading database ... 10%(Reading database ... 15%(Reading database ... 20%(Reading database ... 25%(Reading database ... 30%(Reading database ... 35%(Reading database ... 40%(Reading database ... 45%(Reading database ... 50%(Reading database ... 55%(Reading database ... 60%(Reading database ... 65%(Reading database ... 70%(Reading database ... 75%(Reading database ... 80%(Reading database ... 85%(Reading database ... 90%(Reading database ... 95%(Reading database ... 100%(Reading database ... 4381 files and directories currently installed.)
#6 75.14 Preparing to unpack .../libpython3.12-minimal_3.12.3-1ubuntu0.15_amd64.deb ...
#6 75.17 Unpacking libpython3.12-minimal:amd64 (3.12.3-1ubuntu0.15) ...
#6 75.50 Selecting previously unselected package libexpat1:amd64.
#6 75.50 Preparing to unpack .../libexpat1_2.6.1-2ubuntu0.4_amd64.deb ...
#6 75.52 Unpacking libexpat1:amd64 (2.6.1-2ubuntu0.4) ...
#6 75.73 Selecting previously unselected package python3.12-minimal.
#6 75.73 Preparing to unpack .../python3.12-minimal_3.12.3-1ubuntu0.15_amd64.deb ...
#6 75.77 Unpacking python3.12-minimal (3.12.3-1ubuntu0.15) ...
#6 76.03 Setting up libpython3.12-minimal:amd64 (3.12.3-1ubuntu0.15) ...
#6 76.19 Setting up libexpat1:amd64 (2.6.1-2ubuntu0.4) ...
#6 76.30 Setting up python3.12-minimal (3.12.3-1ubuntu0.15) ...
#6 77.97 Selecting previously unselected package python3-minimal.
#6 77.97 (Reading database ... (Reading database ... 5%(Reading database ... 10%(Reading database ... 15%(Reading database ... 20%(Reading database ... 25%(Reading database ... 30%(Reading database ... 35%(Reading database ... 40%(Reading database ... 45%(Reading database ... 50%(Reading database ... 55%(Reading database ... 60%(Reading database ... 65%(Reading database ... 70%(Reading database ... 75%(Reading database ... 80%(Reading database ... 85%(Reading database ... 90%(Reading database ... 95%(Reading database ... 100%(Reading database ... 4700 files and directories currently installed.)
#6 77.98 Preparing to unpack .../0-python3-minimal_3.12.3-0ubuntu2.1_amd64.deb ...
#6 78.00 Unpacking python3-minimal (3.12.3-0ubuntu2.1) ...
#6 78.11 Selecting previously unselected package media-types.
#6 78.11 Preparing to unpack .../1-media-types_10.1.0_all.deb ...
#6 78.14 Unpacking media-types (10.1.0) ...
#6 78.30 Selecting previously unselected package netbase.
#6 78.30 Preparing to unpack .../2-netbase_6.4_all.deb ...
#6 78.32 Unpacking netbase (6.4) ...
#6 78.48 Selecting previously unselected package tzdata.
#6 78.48 Preparing to unpack .../3-tzdata_2026c-0ubuntu0.24.04.1_all.deb ...
#6 78.50 Unpacking tzdata (2026c-0ubuntu0.24.04.1) ...
#6 78.77 Preparing to unpack .../4-libncursesw6_6.4+20240113-1ubuntu2.1_amd64.deb ...
#6 78.83 Unpacking libncursesw6:amd64 (6.4+20240113-1ubuntu2.1) over (6.4+20240113-1ubuntu2) ...
#6 79.06 Preparing to unpack .../5-libtinfo6_6.4+20240113-1ubuntu2.1_amd64.deb ...
#6 79.15 Unpacking libtinfo6:amd64 (6.4+20240113-1ubuntu2.1) over (6.4+20240113-1ubuntu2) ...
#6 79.46 Setting up libtinfo6:amd64 (6.4+20240113-1ubuntu2.1) ...
#6 79.77 Selecting previously unselected package readline-common.
#6 79.77 (Reading database ... (Reading database ... 5%(Reading database ... 10%(Reading database ... 15%(Reading database ... 20%(Reading database ... 25%(Reading database ... 30%(Reading database ... 35%(Reading database ... 40%(Reading database ... 45%(Reading database ... 50%(Reading database ... 55%(Reading database ... 60%(Reading database ... 65%(Reading database ... 70%(Reading database ... 75%(Reading database ... 80%(Reading database ... 85%(Reading database ... 90%(Reading database ... 95%(Reading database ... 100%(Reading database ... 5263 files and directories currently installed.)
#6 79.78 Preparing to unpack .../0-readline-common_8.2-4build1_all.deb ...
#6 79.80 Unpacking readline-common (8.2-4build1) ...
#6 79.98 Selecting previously unselected package libreadline8t64:amd64.
#6 79.99 Preparing to unpack .../1-libreadline8t64_8.2-4build1_amd64.deb ...
#6 80.01 Adding 'diversion of /lib/x86_64-linux-gnu/libhistory.so.8 to /lib/x86_64-linux-gnu/libhistory.so.8.usr-is-merged by libreadline8t64'
#6 80.08 Adding 'diversion of /lib/x86_64-linux-gnu/libhistory.so.8.2 to /lib/x86_64-linux-gnu/libhistory.so.8.2.usr-is-merged by libreadline8t64'
#6 80.12 Adding 'diversion of /lib/x86_64-linux-gnu/libreadline.so.8 to /lib/x86_64-linux-gnu/libreadline.so.8.usr-is-merged by libreadline8t64'
#6 80.17 Adding 'diversion of /lib/x86_64-linux-gnu/libreadline.so.8.2 to /lib/x86_64-linux-gnu/libreadline.so.8.2.usr-is-merged by libreadline8t64'
#6 80.21 Unpacking libreadline8t64:amd64 (8.2-4build1) ...
#6 80.38 Selecting previously unselected package libsqlite3-0:amd64.
#6 80.38 Preparing to unpack .../2-libsqlite3-0_3.45.1-1ubuntu2.7_amd64.deb ...
#6 80.41 Unpacking libsqlite3-0:amd64 (3.45.1-1ubuntu2.7) ...
#6 80.56 Selecting previously unselected package libpython3.12-stdlib:amd64.
#6 80.56 Preparing to unpack .../3-libpython3.12-stdlib_3.12.3-1ubuntu0.15_amd64.deb ...
#6 80.58 Unpacking libpython3.12-stdlib:amd64 (3.12.3-1ubuntu0.15) ...
#6 80.97 Selecting previously unselected package python3.12.
#6 80.97 Preparing to unpack .../4-python3.12_3.12.3-1ubuntu0.15_amd64.deb ...
#6 81.00 Unpacking python3.12 (3.12.3-1ubuntu0.15) ...
#6 81.14 Selecting previously unselected package libpython3-stdlib:amd64.
#6 81.15 Preparing to unpack .../5-libpython3-stdlib_3.12.3-0ubuntu2.1_amd64.deb ...
#6 81.18 Unpacking libpython3-stdlib:amd64 (3.12.3-0ubuntu2.1) ...
#6 81.35 Setting up python3-minimal (3.12.3-0ubuntu2.1) ...
#6 81.89 Selecting previously unselected package python3.
#6 81.89 (Reading database ... (Reading database ... 5%(Reading database ... 10%(Reading database ... 15%(Reading database ... 20%(Reading database ... 25%(Reading database ... 30%(Reading database ... 35%(Reading database ... 40%(Reading database ... 45%(Reading database ... 50%(Reading database ... 55%(Reading database ... 60%(Reading database ... 65%(Reading database ... 70%(Reading database ... 75%(Reading database ... 80%(Reading database ... 85%(Reading database ... 90%(Reading database ... 95%(Reading database ... 100%(Reading database ... 5706 files and directories currently installed.)
#6 81.89 Preparing to unpack .../python3_3.12.3-0ubuntu2.1_amd64.deb ...
#6 81.92 Unpacking python3 (3.12.3-0ubuntu2.1) ...
#6 82.09 Selecting previously unselected package libapparmor1:amd64.
#6 82.09 Preparing to unpack .../libapparmor1_4.0.1really4.0.1-0ubuntu0.24.04.7_amd64.deb ...
#6 82.12 Unpacking libapparmor1:amd64 (4.0.1really4.0.1-0ubuntu0.24.04.7) ...
#6 82.32 Selecting previously unselected package libargon2-1:amd64.
#6 82.32 Preparing to unpack .../libargon2-1_0~20190702+dfsg-4build1_amd64.deb ...
#6 82.34 Unpacking libargon2-1:amd64 (0~20190702+dfsg-4build1) ...
#6 82.51 Preparing to unpack .../libudev1_255.4-1ubuntu8.17_amd64.deb ...
#6 82.58 Unpacking libudev1:amd64 (255.4-1ubuntu8.17) over (255.4-1ubuntu8.16) ...
#6 82.82 Setting up libudev1:amd64 (255.4-1ubuntu8.17) ...
#6 83.12 Selecting previously unselected package libdevmapper1.02.1:amd64.
#6 83.12 (Reading database ... (Reading database ... 5%(Reading database ... 10%(Reading database ... 15%(Reading database ... 20%(Reading database ... 25%(Reading database ... 30%(Reading database ... 35%(Reading database ... 40%(Reading database ... 45%(Reading database ... 50%(Reading database ... 55%(Reading database ... 60%(Reading database ... 65%(Reading database ... 70%(Reading database ... 75%(Reading database ... 80%(Reading database ... 85%(Reading database ... 90%(Reading database ... 95%(Reading database ... 100%(Reading database ... 5736 files and directories currently installed.)
#6 83.12 Preparing to unpack .../0-libdevmapper1.02.1_2%3a1.02.185-3ubuntu3.2_amd64.deb ...
#6 83.15 Unpacking libdevmapper1.02.1:amd64 (2:1.02.185-3ubuntu3.2) ...
#6 83.33 Selecting previously unselected package libjson-c5:amd64.
#6 83.34 Preparing to unpack .../1-libjson-c5_0.17-1build1_amd64.deb ...
#6 83.36 Unpacking libjson-c5:amd64 (0.17-1build1) ...
#6 83.53 Selecting previously unselected package libcryptsetup12:amd64.
#6 83.53 Preparing to unpack .../2-libcryptsetup12_2%3a2.7.0-1ubuntu4.2_amd64.deb ...
#6 83.55 Unpacking libcryptsetup12:amd64 (2:2.7.0-1ubuntu4.2) ...
#6 83.75 Selecting previously unselected package libfdisk1:amd64.
#6 83.75 Preparing to unpack .../3-libfdisk1_2.39.3-9ubuntu6.5_amd64.deb ...
#6 83.77 Unpacking libfdisk1:amd64 (2.39.3-9ubuntu6.5) ...
#6 83.92 Selecting previously unselected package libkmod2:amd64.
#6 83.92 Preparing to unpack .../4-libkmod2_31+20240202-2ubuntu7.2_amd64.deb ...
#6 83.94 Unpacking libkmod2:amd64 (31+20240202-2ubuntu7.2) ...
#6 84.06 Selecting previously unselected package libsystemd-shared:amd64.
#6 84.06 Preparing to unpack .../5-libsystemd-shared_255.4-1ubuntu8.17_amd64.deb ...
#6 84.08 Unpacking libsystemd-shared:amd64 (255.4-1ubuntu8.17) ...
#6 84.31 Preparing to unpack .../6-libsystemd0_255.4-1ubuntu8.17_amd64.deb ...
#6 84.38 Unpacking libsystemd0:amd64 (255.4-1ubuntu8.17) over (255.4-1ubuntu8.16) ...
#6 84.60 Setting up libsystemd0:amd64 (255.4-1ubuntu8.17) ...
#6 84.85 Selecting previously unselected package systemd-dev.
#6 84.85 (Reading database ... (Reading database ... 5%(Reading database ... 10%(Reading database ... 15%(Reading database ... 20%(Reading database ... 25%(Reading database ... 30%(Reading database ... 35%(Reading database ... 40%(Reading database ... 45%(Reading database ... 50%(Reading database ... 55%(Reading database ... 60%(Reading database ... 65%(Reading database ... 70%(Reading database ... 75%(Reading database ... 80%(Reading database ... 85%(Reading database ... 90%(Reading database ... 95%(Reading database ... 100%(Reading database ... 5775 files and directories currently installed.)
#6 84.87 Preparing to unpack .../systemd-dev_255.4-1ubuntu8.17_all.deb ...
#6 84.90 Unpacking systemd-dev (255.4-1ubuntu8.17) ...
#6 85.13 Selecting previously unselected package systemd.
#6 85.13 Preparing to unpack .../systemd_255.4-1ubuntu8.17_amd64.deb ...
#6 85.18 Unpacking systemd (255.4-1ubuntu8.17) ...
#6 85.65 Selecting previously unselected package adduser.
#6 85.65 Preparing to unpack .../adduser_3.137ubuntu1_all.deb ...
#6 85.67 Unpacking adduser (3.137ubuntu1) ...
#6 85.81 Setting up adduser (3.137ubuntu1) ...
#6 86.23 Selecting previously unselected package cron-daemon-common.
#6 86.23 (Reading database ... (Reading database ... 5%(Reading database ... 10%(Reading database ... 15%(Reading database ... 20%(Reading database ... 25%(Reading database ... 30%(Reading database ... 35%(Reading database ... 40%(Reading database ... 45%(Reading database ... 50%(Reading database ... 55%(Reading database ... 60%(Reading database ... 65%(Reading database ... 70%(Reading database ... 75%(Reading database ... 80%(Reading database ... 85%(Reading database ... 90%(Reading database ... 95%(Reading database ... 100%(Reading database ... 6804 files and directories currently installed.)
#6 86.24 Preparing to unpack .../cron-daemon-common_3.0pl1-184ubuntu2_all.deb ...
#6 86.26 Unpacking cron-daemon-common (3.0pl1-184ubuntu2) ...
#6 86.45 Setting up libapparmor1:amd64 (4.0.1really4.0.1-0ubuntu0.24.04.7) ...
#6 86.58 Setting up libargon2-1:amd64 (0~20190702+dfsg-4build1) ...
#6 86.67 Setting up libdevmapper1.02.1:amd64 (2:1.02.185-3ubuntu3.2) ...
#6 86.73 Setting up libjson-c5:amd64 (0.17-1build1) ...
#6 86.80 Setting up libcryptsetup12:amd64 (2:2.7.0-1ubuntu4.2) ...
#6 86.87 Setting up libfdisk1:amd64 (2.39.3-9ubuntu6.5) ...
#6 86.98 Setting up libkmod2:amd64 (31+20240202-2ubuntu7.2) ...
#6 87.07 Setting up libsystemd-shared:amd64 (255.4-1ubuntu8.17) ...
#6 87.15 Setting up systemd-dev (255.4-1ubuntu8.17) ...
#6 87.22 Setting up systemd (255.4-1ubuntu8.17) ...
#6 87.43 Created symlink /etc/systemd/system/getty.target.wants/getty@tty1.service → /usr/lib/systemd/system/getty@.service.
#6 87.44 Created symlink /etc/systemd/system/multi-user.target.wants/remote-fs.target → /usr/lib/systemd/system/remote-fs.target.
#6 87.45 Created symlink /etc/systemd/system/sysinit.target.wants/systemd-pstore.service → /usr/lib/systemd/system/systemd-pstore.service.
#6 87.46 Initializing machine ID from random generator.
#6 87.57 /usr/lib/tmpfiles.d/cron-daemon-common.conf:1: Failed to resolve group 'crontab': No such process
#6 87.57 /usr/lib/tmpfiles.d/systemd-network.conf:10: Failed to resolve user 'systemd-network': No such process
#6 87.57 /usr/lib/tmpfiles.d/systemd-network.conf:11: Failed to resolve user 'systemd-network': No such process
#6 87.57 /usr/lib/tmpfiles.d/systemd-network.conf:12: Failed to resolve user 'systemd-network': No such process
#6 87.57 /usr/lib/tmpfiles.d/systemd-network.conf:13: Failed to resolve user 'systemd-network': No such process
#6 87.57 /usr/lib/tmpfiles.d/systemd.conf:22: Failed to resolve group 'systemd-journal': No such process
#6 87.57 /usr/lib/tmpfiles.d/systemd.conf:23: Failed to resolve group 'systemd-journal': No such process
#6 87.57 /usr/lib/tmpfiles.d/systemd.conf:28: Failed to resolve group 'systemd-journal': No such process
#6 87.57 /usr/lib/tmpfiles.d/systemd.conf:29: Failed to resolve group 'systemd-journal': No such process
#6 87.57 /usr/lib/tmpfiles.d/systemd.conf:30: Failed to resolve group 'systemd-journal': No such process
#6 87.58 Creating group 'systemd-journal' with GID 999.
#6 87.58 Creating group 'systemd-network' with GID 998.
#6 87.58 Creating user 'systemd-network' (systemd Network Management) with UID 998 and GID 998.
#6 87.80 Setting up cron-daemon-common (3.0pl1-184ubuntu2) ...
#6 88.00 Creating group 'crontab' with GID 997.
#6 88.39 Selecting previously unselected package cron.
#6 88.39 (Reading database ... (Reading database ... 5%(Reading database ... 10%(Reading database ... 15%(Reading database ... 20%(Reading database ... 25%(Reading database ... 30%(Reading database ... 35%(Reading database ... 40%(Reading database ... 45%(Reading database ... 50%(Reading database ... 55%(Reading database ... 60%(Reading database ... 65%(Reading database ... 70%(Reading database ... 75%(Reading database ... 80%(Reading database ... 85%(Reading database ... 90%(Reading database ... 95%(Reading database ... 100%(Reading database ... 6823 files and directories currently installed.)
#6 88.40 Preparing to unpack .../000-cron_3.0pl1-184ubuntu2_amd64.deb ...
#6 88.44 Unpacking cron (3.0pl1-184ubuntu2) ...
#6 88.59 Selecting previously unselected package perl-modules-5.38.
#6 88.60 Preparing to unpack .../001-perl-modules-5.38_5.38.2-3.2ubuntu0.3_all.deb ...
#6 88.62 Unpacking perl-modules-5.38 (5.38.2-3.2ubuntu0.3) ...
#6 89.25 Selecting previously unselected package libgdbm6t64:amd64.
#6 89.25 Preparing to unpack .../002-libgdbm6t64_1.23-5.1build1_amd64.deb ...
#6 89.29 Unpacking libgdbm6t64:amd64 (1.23-5.1build1) ...
#6 89.48 Selecting previously unselected package libgdbm-compat4t64:amd64.
#6 89.48 Preparing to unpack .../003-libgdbm-compat4t64_1.23-5.1build1_amd64.deb ...
#6 89.50 Unpacking libgdbm-compat4t64:amd64 (1.23-5.1build1) ...
#6 89.69 Selecting previously unselected package libperl5.38t64:amd64.
#6 89.69 Preparing to unpack .../004-libperl5.38t64_5.38.2-3.2ubuntu0.3_amd64.deb ...
#6 89.71 Unpacking libperl5.38t64:amd64 (5.38.2-3.2ubuntu0.3) ...
#6 90.39 Selecting previously unselected package perl.
#6 90.39 Preparing to unpack .../005-perl_5.38.2-3.2ubuntu0.3_amd64.deb ...
#6 90.42 Unpacking perl (5.38.2-3.2ubuntu0.3) ...
#6 90.58 Selecting previously unselected package openssl.
#6 90.59 Preparing to unpack .../006-openssl_3.0.13-0ubuntu3.12_amd64.deb ...
#6 90.61 Unpacking openssl (3.0.13-0ubuntu3.12) ...
#6 90.83 Selecting previously unselected package ca-certificates.
#6 90.83 Preparing to unpack .../007-ca-certificates_20260601~24.04.1_all.deb ...
#6 90.86 Unpacking ca-certificates (20260601~24.04.1) ...
#6 91.12 Selecting previously unselected package libbsd0:amd64.
#6 91.12 Preparing to unpack .../008-libbsd0_0.12.1-1build1.1_amd64.deb ...
#6 91.14 Unpacking libbsd0:amd64 (0.12.1-1build1.1) ...
#6 91.30 Selecting previously unselected package libkrb5support0:amd64.
#6 91.30 Preparing to unpack .../009-libkrb5support0_1.20.1-6ubuntu2.8_amd64.deb ...
#6 91.33 Unpacking libkrb5support0:amd64 (1.20.1-6ubuntu2.8) ...
#6 91.52 Selecting previously unselected package libk5crypto3:amd64.
#6 91.52 Preparing to unpack .../010-libk5crypto3_1.20.1-6ubuntu2.8_amd64.deb ...
#6 91.54 Unpacking libk5crypto3:amd64 (1.20.1-6ubuntu2.8) ...
#6 91.73 Selecting previously unselected package libkeyutils1:amd64.
#6 91.74 Preparing to unpack .../011-libkeyutils1_1.6.3-3build1_amd64.deb ...
#6 91.76 Unpacking libkeyutils1:amd64 (1.6.3-3build1) ...
#6 91.96 Selecting previously unselected package libkrb5-3:amd64.
#6 91.96 Preparing to unpack .../012-libkrb5-3_1.20.1-6ubuntu2.8_amd64.deb ...
#6 91.98 Unpacking libkrb5-3:amd64 (1.20.1-6ubuntu2.8) ...
#6 92.22 Selecting previously unselected package libgssapi-krb5-2:amd64.
#6 92.22 Preparing to unpack .../013-libgssapi-krb5-2_1.20.1-6ubuntu2.8_amd64.deb ...
#6 92.24 Unpacking libgssapi-krb5-2:amd64 (1.20.1-6ubuntu2.8) ...
#6 92.41 Selecting previously unselected package libicu74:amd64.
#6 92.41 Preparing to unpack .../014-libicu74_74.2-1ubuntu3.1_amd64.deb ...
#6 92.44 Unpacking libicu74:amd64 (74.2-1ubuntu3.1) ...
#6 93.12 Selecting previously unselected package libyaml-0-2:amd64.
#6 93.12 Preparing to unpack .../015-libyaml-0-2_0.2.5-1build1_amd64.deb ...
#6 93.15 Unpacking libyaml-0-2:amd64 (0.2.5-1build1) ...
#6 93.32 Selecting previously unselected package python3-pkg-resources.
#6 93.33 Preparing to unpack .../016-python3-pkg-resources_68.1.2-2ubuntu1.2_all.deb ...
#6 93.35 Unpacking python3-pkg-resources (68.1.2-2ubuntu1.2) ...
#6 93.58 Selecting previously unselected package sudo.
#6 93.58 Preparing to unpack .../017-sudo_1.9.15p5-3ubuntu5.24.04.2_amd64.deb ...
#6 93.61 Unpacking sudo (1.9.15p5-3ubuntu5.24.04.2) ...
#6 93.88 Selecting previously unselected package libedit2:amd64.
#6 93.88 Preparing to unpack .../018-libedit2_3.1-20230828-1build1_amd64.deb ...
#6 93.90 Unpacking libedit2:amd64 (3.1-20230828-1build1) ...
#6 94.14 Selecting previously unselected package libjansson4:amd64.
#6 94.14 Preparing to unpack .../019-libjansson4_2.14-2build2_amd64.deb ...
#6 94.17 Unpacking libjansson4:amd64 (2.14-2build2) ...
#6 94.37 Selecting previously unselected package libncurses6:amd64.
#6 94.37 Preparing to unpack .../020-libncurses6_6.4+20240113-1ubuntu2.1_amd64.deb ...
#6 94.40 Unpacking libncurses6:amd64 (6.4+20240113-1ubuntu2.1) ...
#6 94.55 Selecting previously unselected package libnghttp2-14:amd64.
#6 94.55 Preparing to unpack .../021-libnghttp2-14_1.59.0-1ubuntu0.4_amd64.deb ...
#6 94.57 Unpacking libnghttp2-14:amd64 (1.59.0-1ubuntu0.4) ...
#6 94.75 Selecting previously unselected package libpsl5t64:amd64.
#6 94.76 Preparing to unpack .../022-libpsl5t64_0.21.2-1.1build1_amd64.deb ...
#6 94.79 Unpacking libpsl5t64:amd64 (0.21.2-1.1build1) ...
#6 94.95 Selecting previously unselected package libuv1t64:amd64.
#6 94.95 Preparing to unpack .../023-libuv1t64_1.48.0-1.1build1_amd64.deb ...
#6 95.03 Unpacking libuv1t64:amd64 (1.48.0-1.1build1) ...
#6 95.19 Selecting previously unselected package xz-utils.
#6 95.19 Preparing to unpack .../024-xz-utils_5.6.1+really5.4.5-1ubuntu0.3_amd64.deb ...
#6 95.24 Unpacking xz-utils (5.6.1+really5.4.5-1ubuntu0.3) ...
#6 95.42 Selecting previously unselected package binutils-common:amd64.
#6 95.42 Preparing to unpack .../025-binutils-common_2.42-4ubuntu2.10_amd64.deb ...
#6 95.45 Unpacking binutils-common:amd64 (2.42-4ubuntu2.10) ...
#6 95.65 Selecting previously unselected package libsframe1:amd64.
#6 95.65 Preparing to unpack .../026-libsframe1_2.42-4ubuntu2.10_amd64.deb ...
#6 95.67 Unpacking libsframe1:amd64 (2.42-4ubuntu2.10) ...
#6 95.81 Selecting previously unselected package libbinutils:amd64.
#6 95.81 Preparing to unpack .../027-libbinutils_2.42-4ubuntu2.10_amd64.deb ...
#6 95.83 Unpacking libbinutils:amd64 (2.42-4ubuntu2.10) ...
#6 96.03 Selecting previously unselected package libctf-nobfd0:amd64.
#6 96.03 Preparing to unpack .../028-libctf-nobfd0_2.42-4ubuntu2.10_amd64.deb ...
#6 96.07 Unpacking libctf-nobfd0:amd64 (2.42-4ubuntu2.10) ...
#6 96.24 Selecting previously unselected package libctf0:amd64.
#6 96.24 Preparing to unpack .../029-libctf0_2.42-4ubuntu2.10_amd64.deb ...
#6 96.27 Unpacking libctf0:amd64 (2.42-4ubuntu2.10) ...
#6 96.47 Selecting previously unselected package libgprofng0:amd64.
#6 96.47 Preparing to unpack .../030-libgprofng0_2.42-4ubuntu2.10_amd64.deb ...
#6 96.50 Unpacking libgprofng0:amd64 (2.42-4ubuntu2.10) ...
#6 96.82 Selecting previously unselected package binutils-x86-64-linux-gnu.
#6 96.82 Preparing to unpack .../031-binutils-x86-64-linux-gnu_2.42-4ubuntu2.10_amd64.deb ...
#6 97.02 Unpacking binutils-x86-64-linux-gnu (2.42-4ubuntu2.10) ...
#6 97.41 Selecting previously unselected package binutils.
#6 97.41 Preparing to unpack .../032-binutils_2.42-4ubuntu2.10_amd64.deb ...
#6 97.44 Unpacking binutils (2.42-4ubuntu2.10) ...
#6 98.10 Selecting previously unselected package libc-dev-bin.
#6 98.10 Preparing to unpack .../033-libc-dev-bin_2.39-0ubuntu8.8_amd64.deb ...
#6 98.16 Unpacking libc-dev-bin (2.39-0ubuntu8.8) ...
#6 98.34 Selecting previously unselected package linux-libc-dev:amd64.
#6 98.34 Preparing to unpack .../034-linux-libc-dev_6.8.0-137.137_amd64.deb ...
#6 98.37 Unpacking linux-libc-dev:amd64 (6.8.0-137.137) ...
#6 99.03 Selecting previously unselected package libcrypt-dev:amd64.
#6 99.03 Preparing to unpack .../035-libcrypt-dev_1%3a4.4.36-4build1_amd64.deb ...
#6 99.06 Unpacking libcrypt-dev:amd64 (1:4.4.36-4build1) ...
#6 99.20 Selecting previously unselected package rpcsvc-proto.
#6 99.20 Preparing to unpack .../036-rpcsvc-proto_1.4.2-0ubuntu7_amd64.deb ...
#6 99.23 Unpacking rpcsvc-proto (1.4.2-0ubuntu7) ...
#6 99.38 Selecting previously unselected package libc6-dev:amd64.
#6 99.38 Preparing to unpack .../037-libc6-dev_2.39-0ubuntu8.8_amd64.deb ...
#6 99.40 Unpacking libc6-dev:amd64 (2.39-0ubuntu8.8) ...
#6 99.79 Selecting previously unselected package gcc-13-base:amd64.
#6 99.79 Preparing to unpack .../038-gcc-13-base_13.3.0-6ubuntu2~24.04.1_amd64.deb ...
#6 99.81 Unpacking gcc-13-base:amd64 (13.3.0-6ubuntu2~24.04.1) ...
#6 99.98 Selecting previously unselected package libisl23:amd64.
#6 99.98 Preparing to unpack .../039-libisl23_0.26-3build1.1_amd64.deb ...
#6 100.0 Unpacking libisl23:amd64 (0.26-3build1.1) ...
#6 100.2 Selecting previously unselected package libmpfr6:amd64.
#6 100.2 Preparing to unpack .../040-libmpfr6_4.2.1-1build1.1_amd64.deb ...
#6 100.2 Unpacking libmpfr6:amd64 (4.2.1-1build1.1) ...
#6 100.4 Selecting previously unselected package libmpc3:amd64.
#6 100.4 Preparing to unpack .../041-libmpc3_1.3.1-1build1.1_amd64.deb ...
#6 100.5 Unpacking libmpc3:amd64 (1.3.1-1build1.1) ...
#6 100.6 Selecting previously unselected package cpp-13-x86-64-linux-gnu.
#6 100.6 Preparing to unpack .../042-cpp-13-x86-64-linux-gnu_13.3.0-6ubuntu2~24.04.1_amd64.deb ...
#6 100.6 Unpacking cpp-13-x86-64-linux-gnu (13.3.0-6ubuntu2~24.04.1) ...
#6 101.2 Selecting previously unselected package cpp-13.
#6 101.2 Preparing to unpack .../043-cpp-13_13.3.0-6ubuntu2~24.04.1_amd64.deb ...
#6 101.2 Unpacking cpp-13 (13.3.0-6ubuntu2~24.04.1) ...
#6 101.4 Selecting previously unselected package cpp-x86-64-linux-gnu.
#6 101.4 Preparing to unpack .../044-cpp-x86-64-linux-gnu_4%3a13.2.0-7ubuntu1_amd64.deb ...
#6 101.4 Unpacking cpp-x86-64-linux-gnu (4:13.2.0-7ubuntu1) ...
#6 101.9 Selecting previously unselected package cpp.
#6 101.9 Preparing to unpack .../045-cpp_4%3a13.2.0-7ubuntu1_amd64.deb ...
#6 102.0 Unpacking cpp (4:13.2.0-7ubuntu1) ...
#6 102.3 Selecting previously unselected package libcc1-0:amd64.
#6 102.3 Preparing to unpack .../046-libcc1-0_14.2.0-4ubuntu2~24.04.1_amd64.deb ...
#6 102.4 Unpacking libcc1-0:amd64 (14.2.0-4ubuntu2~24.04.1) ...
#6 102.6 Selecting previously unselected package libgomp1:amd64.
#6 102.6 Preparing to unpack .../047-libgomp1_14.2.0-4ubuntu2~24.04.1_amd64.deb ...
#6 102.7 Unpacking libgomp1:amd64 (14.2.0-4ubuntu2~24.04.1) ...
#6 102.8 Selecting previously unselected package libitm1:amd64.
#6 102.8 Preparing to unpack .../048-libitm1_14.2.0-4ubuntu2~24.04.1_amd64.deb ...
#6 102.9 Unpacking libitm1:amd64 (14.2.0-4ubuntu2~24.04.1) ...
#6 103.0 Selecting previously unselected package libatomic1:amd64.
#6 103.0 Preparing to unpack .../049-libatomic1_14.2.0-4ubuntu2~24.04.1_amd64.deb ...
#6 103.1 Unpacking libatomic1:amd64 (14.2.0-4ubuntu2~24.04.1) ...
#6 103.2 Selecting previously unselected package libasan8:amd64.
#6 103.2 Preparing to unpack .../050-libasan8_14.2.0-4ubuntu2~24.04.1_amd64.deb ...
#6 103.3 Unpacking libasan8:amd64 (14.2.0-4ubuntu2~24.04.1) ...
#6 103.6 Selecting previously unselected package liblsan0:amd64.
#6 103.6 Preparing to unpack .../051-liblsan0_14.2.0-4ubuntu2~24.04.1_amd64.deb ...
#6 103.6 Unpacking liblsan0:amd64 (14.2.0-4ubuntu2~24.04.1) ...
#6 103.9 Selecting previously unselected package libtsan2:amd64.
#6 103.9 Preparing to unpack .../052-libtsan2_14.2.0-4ubuntu2~24.04.1_amd64.deb ...
#6 103.9 Unpacking libtsan2:amd64 (14.2.0-4ubuntu2~24.04.1) ...
#6 104.3 Selecting previously unselected package libubsan1:amd64.
#6 104.3 Preparing to unpack .../053-libubsan1_14.2.0-4ubuntu2~24.04.1_amd64.deb ...
#6 104.3 Unpacking libubsan1:amd64 (14.2.0-4ubuntu2~24.04.1) ...
#6 104.6 Selecting previously unselected package libhwasan0:amd64.
#6 104.6 Preparing to unpack .../054-libhwasan0_14.2.0-4ubuntu2~24.04.1_amd64.deb ...
#6 104.6 Unpacking libhwasan0:amd64 (14.2.0-4ubuntu2~24.04.1) ...
#6 104.8 Selecting previously unselected package libquadmath0:amd64.
#6 104.9 Preparing to unpack .../055-libquadmath0_14.2.0-4ubuntu2~24.04.1_amd64.deb ...
#6 104.9 Unpacking libquadmath0:amd64 (14.2.0-4ubuntu2~24.04.1) ...
#6 105.0 Selecting previously unselected package libgcc-13-dev:amd64.
#6 105.0 Preparing to unpack .../056-libgcc-13-dev_13.3.0-6ubuntu2~24.04.1_amd64.deb ...
#6 105.0 Unpacking libgcc-13-dev:amd64 (13.3.0-6ubuntu2~24.04.1) ...
#6 105.4 Selecting previously unselected package gcc-13-x86-64-linux-gnu.
#6 105.4 Preparing to unpack .../057-gcc-13-x86-64-linux-gnu_13.3.0-6ubuntu2~24.04.1_amd64.deb ...
#6 105.4 Unpacking gcc-13-x86-64-linux-gnu (13.3.0-6ubuntu2~24.04.1) ...
#6 107.1 Selecting previously unselected package gcc-13.
#6 107.1 Preparing to unpack .../058-gcc-13_13.3.0-6ubuntu2~24.04.1_amd64.deb ...
#6 107.2 Unpacking gcc-13 (13.3.0-6ubuntu2~24.04.1) ...
#6 107.3 Selecting previously unselected package gcc-x86-64-linux-gnu.
#6 107.3 Preparing to unpack .../059-gcc-x86-64-linux-gnu_4%3a13.2.0-7ubuntu1_amd64.deb ...
#6 107.3 Unpacking gcc-x86-64-linux-gnu (4:13.2.0-7ubuntu1) ...
#6 107.5 Selecting previously unselected package gcc.
#6 107.5 Preparing to unpack .../060-gcc_4%3a13.2.0-7ubuntu1_amd64.deb ...
#6 107.6 Unpacking gcc (4:13.2.0-7ubuntu1) ...
#6 107.8 Selecting previously unselected package libstdc++-13-dev:amd64.
#6 107.8 Preparing to unpack .../061-libstdc++-13-dev_13.3.0-6ubuntu2~24.04.1_amd64.deb ...
#6 107.8 Unpacking libstdc++-13-dev:amd64 (13.3.0-6ubuntu2~24.04.1) ...
#6 108.7 Selecting previously unselected package g++-13-x86-64-linux-gnu.
#6 108.7 Preparing to unpack .../062-g++-13-x86-64-linux-gnu_13.3.0-6ubuntu2~24.04.1_amd64.deb ...
#6 108.7 Unpacking g++-13-x86-64-linux-gnu (13.3.0-6ubuntu2~24.04.1) ...
#6 109.6 Selecting previously unselected package g++-13.
#6 109.6 Preparing to unpack .../063-g++-13_13.3.0-6ubuntu2~24.04.1_amd64.deb ...
#6 109.6 Unpacking g++-13 (13.3.0-6ubuntu2~24.04.1) ...
#6 109.7 Selecting previously unselected package g++-x86-64-linux-gnu.
#6 109.7 Preparing to unpack .../064-g++-x86-64-linux-gnu_4%3a13.2.0-7ubuntu1_amd64.deb ...
#6 109.8 Unpacking g++-x86-64-linux-gnu (4:13.2.0-7ubuntu1) ...
#6 109.9 Selecting previously unselected package g++.
#6 109.9 Preparing to unpack .../065-g++_4%3a13.2.0-7ubuntu1_amd64.deb ...
#6 109.9 Unpacking g++ (4:13.2.0-7ubuntu1) ...
#6 110.0 Selecting previously unselected package make.
#6 110.1 Preparing to unpack .../066-make_4.3-4.1build2_amd64.deb ...
#6 110.1 Unpacking make (4.3-4.1build2) ...
#6 110.3 Selecting previously unselected package libdpkg-perl.
#6 110.3 Preparing to unpack .../067-libdpkg-perl_1.22.6ubuntu6.6_all.deb ...
#6 110.3 Unpacking libdpkg-perl (1.22.6ubuntu6.6) ...
#6 110.5 Selecting previously unselected package bzip2.
#6 110.5 Preparing to unpack .../068-bzip2_1.0.8-5.1build0.1_amd64.deb ...
#6 110.5 Unpacking bzip2 (1.0.8-5.1build0.1) ...
#6 110.7 Selecting previously unselected package patch.
#6 110.7 Preparing to unpack .../069-patch_2.7.6-7build3_amd64.deb ...
#6 110.7 Unpacking patch (2.7.6-7build3) ...
#6 110.9 Selecting previously unselected package lto-disabled-list.
#6 110.9 Preparing to unpack .../070-lto-disabled-list_47_all.deb ...
#6 110.9 Unpacking lto-disabled-list (47) ...
#6 111.1 Selecting previously unselected package dpkg-dev.
#6 111.1 Preparing to unpack .../071-dpkg-dev_1.22.6ubuntu6.6_all.deb ...
#6 111.1 Unpacking dpkg-dev (1.22.6ubuntu6.6) ...
#6 111.3 Selecting previously unselected package build-essential.
#6 111.3 Preparing to unpack .../072-build-essential_12.10ubuntu1_amd64.deb ...
#6 111.4 Unpacking build-essential (12.10ubuntu1) ...
#6 111.5 Selecting previously unselected package libbrotli1:amd64.
#6 111.5 Preparing to unpack .../073-libbrotli1_1.1.0-2build2_amd64.deb ...
#6 111.6 Unpacking libbrotli1:amd64 (1.1.0-2build2) ...
#6 111.7 Selecting previously unselected package libsasl2-modules-db:amd64.
#6 111.7 Preparing to unpack .../074-libsasl2-modules-db_2.1.28+dfsg1-5ubuntu3.1_amd64.deb ...
#6 111.7 Unpacking libsasl2-modules-db:amd64 (2.1.28+dfsg1-5ubuntu3.1) ...
#6 111.9 Selecting previously unselected package libsasl2-2:amd64.
#6 111.9 Preparing to unpack .../075-libsasl2-2_2.1.28+dfsg1-5ubuntu3.1_amd64.deb ...
#6 111.9 Unpacking libsasl2-2:amd64 (2.1.28+dfsg1-5ubuntu3.1) ...
#6 112.1 Selecting previously unselected package libldap2:amd64.
#6 112.1 Preparing to unpack .../076-libldap2_2.6.10+dfsg-0ubuntu0.24.04.1_amd64.deb ...
#6 112.1 Unpacking libldap2:amd64 (2.6.10+dfsg-0ubuntu0.24.04.1) ...
#6 112.3 Selecting previously unselected package librtmp1:amd64.
#6 112.4 Preparing to unpack .../077-librtmp1_2.4+20151223.gitfa8646d.1-2build7_amd64.deb ...
#6 112.4 Unpacking librtmp1:amd64 (2.4+20151223.gitfa8646d.1-2build7) ...
#6 112.5 Selecting previously unselected package libssh-4:amd64.
#6 112.5 Preparing to unpack .../078-libssh-4_0.10.6-2ubuntu0.4_amd64.deb ...
#6 112.6 Unpacking libssh-4:amd64 (0.10.6-2ubuntu0.4) ...
#6 112.8 Selecting previously unselected package libcurl4t64:amd64.
#6 112.8 Preparing to unpack .../079-libcurl4t64_8.5.0-2ubuntu10.11_amd64.deb ...
#6 112.8 Unpacking libcurl4t64:amd64 (8.5.0-2ubuntu10.11) ...
#6 113.0 Selecting previously unselected package curl.
#6 113.0 Preparing to unpack .../080-curl_8.5.0-2ubuntu10.11_amd64.deb ...
#6 113.0 Unpacking curl (8.5.0-2ubuntu10.11) ...
#6 113.1 Selecting previously unselected package node-fast-deep-equal.
#6 113.1 Preparing to unpack .../081-node-fast-deep-equal_3.1.3-3_all.deb ...
#6 113.1 Unpacking node-fast-deep-equal (3.1.3-3) ...
#6 113.3 Selecting previously unselected package node-json-schema-traverse.
#6 113.3 Preparing to unpack .../082-node-json-schema-traverse_1.0.0-3_all.deb ...
#6 113.3 Unpacking node-json-schema-traverse (1.0.0-3) ...
#6 113.4 Selecting previously unselected package node-jsonify.
#6 113.4 Preparing to unpack .../083-node-jsonify_0.0.1-1_all.deb ...
#6 113.5 Unpacking node-jsonify (0.0.1-1) ...
#6 113.7 Selecting previously unselected package node-json-stable-stringify.
#6 113.7 Preparing to unpack .../084-node-json-stable-stringify_1.0.2+repack1+~cs1.0.34-2_all.deb ...
#6 113.7 Unpacking node-json-stable-stringify (1.0.2+repack1+~cs1.0.34-2) ...
#6 113.9 Selecting previously unselected package node-punycode.
#6 113.9 Preparing to unpack .../085-node-punycode_2.2.3-2_all.deb ...
#6 113.9 Unpacking node-punycode (2.2.3-2) ...
#6 114.1 Selecting previously unselected package node-uri-js.
#6 114.1 Preparing to unpack .../086-node-uri-js_4.4.0+dfsg-8_all.deb ...
#6 114.1 Unpacking node-uri-js (4.4.0+dfsg-8) ...
#6 114.4 Selecting previously unselected package libcares2:amd64.
#6 114.4 Preparing to unpack .../087-libcares2_1.27.0-1.0ubuntu1_amd64.deb ...
#6 114.4 Unpacking libcares2:amd64 (1.27.0-1.0ubuntu1) ...
#6 114.5 Selecting previously unselected package node-xtend.
#6 114.5 Preparing to unpack .../088-node-xtend_4.0.2-3_all.deb ...
#6 114.6 Unpacking node-xtend (4.0.2-3) ...
#6 114.7 Selecting previously unselected package node-acorn.
#6 114.7 Preparing to unpack .../089-node-acorn_8.8.1+ds+~cs25.17.7-2_all.deb ...
#6 114.7 Unpacking node-acorn (8.8.1+ds+~cs25.17.7-2) ...
#6 114.9 Selecting previously unselected package node-cjs-module-lexer.
#6 114.9 Preparing to unpack .../090-node-cjs-module-lexer_1.2.3+dfsg-1_all.deb ...
#6 114.9 Unpacking node-cjs-module-lexer (1.2.3+dfsg-1) ...
#6 115.0 Selecting previously unselected package node-busboy.
#6 115.0 Preparing to unpack .../091-node-busboy_1.6.0+~cs2.6.0-2_all.deb ...
#6 115.1 Unpacking node-busboy (1.6.0+~cs2.6.0-2) ...
#6 115.2 Selecting previously unselected package node-undici.
#6 115.2 Preparing to unpack .../092-node-undici_5.26.3+dfsg1+~cs23.10.12-2_all.deb ...
#6 115.2 Unpacking node-undici (5.26.3+dfsg1+~cs23.10.12-2) ...
#6 115.4 Selecting previously unselected package libnode109:amd64.
#6 115.4 Preparing to unpack .../093-libnode109_18.19.1+dfsg-6ubuntu5_amd64.deb ...
#6 115.5 Unpacking libnode109:amd64 (18.19.1+dfsg-6ubuntu5) ...
#6 116.3 Selecting previously unselected package nodejs.
#6 116.3 Preparing to unpack .../094-nodejs_18.19.1+dfsg-6ubuntu5_amd64.deb ...
#6 116.3 Unpacking nodejs (18.19.1+dfsg-6ubuntu5) ...
#6 116.5 Selecting previously unselected package node-ajv.
#6 116.5 Preparing to unpack .../095-node-ajv_8.12.0~ds+~2.1.1-4_all.deb ...
#6 116.5 Unpacking node-ajv (8.12.0~ds+~2.1.1-4) ...
#6 116.7 Selecting previously unselected package libjs-inherits.
#6 116.7 Preparing to unpack .../096-libjs-inherits_2.0.4-6_all.deb ...
#6 116.8 Unpacking libjs-inherits (2.0.4-6) ...
#6 116.9 Selecting previously unselected package node-inherits.
#6 116.9 Preparing to unpack .../097-node-inherits_2.0.4-6_all.deb ...
#6 116.9 Unpacking node-inherits (2.0.4-6) ...
#6 117.1 Selecting previously unselected package node-core-util-is.
#6 117.1 Preparing to unpack .../098-node-core-util-is_1.0.3-1_all.deb ...
#6 117.1 Unpacking node-core-util-is (1.0.3-1) ...
#6 117.3 Selecting previously unselected package node-safe-buffer.
#6 117.3 Preparing to unpack .../099-node-safe-buffer_5.2.1+~cs2.1.2-3_all.deb ...
#6 117.3 Unpacking node-safe-buffer (5.2.1+~cs2.1.2-3) ...
#6 117.5 Selecting previously unselected package node-string-decoder.
#6 117.5 Preparing to unpack .../100-node-string-decoder_1.3.0-6_all.deb ...
#6 117.5 Unpacking node-string-decoder (1.3.0-6) ...
#6 117.7 Selecting previously unselected package node-process-nextick-args.
#6 117.7 Preparing to unpack .../101-node-process-nextick-args_2.0.1-3_all.deb ...
#6 117.7 Unpacking node-process-nextick-args (2.0.1-3) ...
#6 117.8 Selecting previously unselected package node-util-deprecate.
#6 117.8 Preparing to unpack .../102-node-util-deprecate_1.0.2-3_all.deb ...
#6 117.9 Unpacking node-util-deprecate (1.0.2-3) ...
#6 118.0 Selecting previously unselected package node-isarray.
#6 118.0 Preparing to unpack .../103-node-isarray_2.0.5-4_all.deb ...
#6 118.0 Unpacking node-isarray (2.0.5-4) ...
#6 118.2 Selecting previously unselected package node-readable-stream.
#6 118.2 Preparing to unpack .../104-node-readable-stream_3.6.0+~cs3.0.0-4build1_all.deb ...
#6 118.2 Unpacking node-readable-stream (3.6.0+~cs3.0.0-4build1) ...
#6 118.3 Selecting previously unselected package node-typedarray.
#6 118.4 Preparing to unpack .../105-node-typedarray_0.0.7-1_all.deb ...
#6 118.4 Unpacking node-typedarray (0.0.7-1) ...
#6 118.5 Selecting previously unselected package node-concat-stream.
#6 118.5 Preparing to unpack .../106-node-concat-stream_2.0.0+~2.0.0-2_all.deb ...
#6 118.6 Unpacking node-concat-stream (2.0.0+~2.0.0-2) ...
#6 118.7 Selecting previously unselected package node-ms.
#6 118.7 Preparing to unpack .../107-node-ms_2.1.3+~cs0.7.31-3_all.deb ...
#6 118.7 Unpacking node-ms (2.1.3+~cs0.7.31-3) ...
#6 118.9 Selecting previously unselected package node-debug.
#6 118.9 Preparing to unpack .../108-node-debug_4.3.4+~cs4.1.7-1_all.deb ...
#6 118.9 Unpacking node-debug (4.3.4+~cs4.1.7-1) ...
#6 119.0 Selecting previously unselected package node-esutils.
#6 119.0 Preparing to unpack .../109-node-esutils_2.0.3+~2.0.0-1_all.deb ...
#6 119.0 Unpacking node-esutils (2.0.3+~2.0.0-1) ...
#6 119.2 Selecting previously unselected package node-doctrine.
#6 119.2 Preparing to unpack .../110-node-doctrine_3.0.0-4_all.deb ...
#6 119.2 Unpacking node-doctrine (3.0.0-4) ...
#6 119.3 Selecting previously unselected package node-eslint-visitor-keys.
#6 119.3 Preparing to unpack .../111-node-eslint-visitor-keys_3.3.0+~1.0.0-1_all.deb ...
#6 119.4 Unpacking node-eslint-visitor-keys (3.3.0+~1.0.0-1) ...
#6 119.5 Selecting previously unselected package node-estraverse.
#6 119.5 Preparing to unpack .../112-node-estraverse_5.3.0+ds+~5.1.1-1_all.deb ...
#6 119.5 Unpacking node-estraverse (5.3.0+ds+~5.1.1-1) ...
#6 119.7 Selecting previously unselected package node-object-assign.
#6 119.7 Preparing to unpack .../113-node-object-assign_4.1.1-7_all.deb ...
#6 119.7 Unpacking node-object-assign (4.1.1-7) ...
#6 119.8 Selecting previously unselected package node-esrecurse.
#6 119.8 Preparing to unpack .../114-node-esrecurse_4.3.0-2_all.deb ...
#6 119.9 Unpacking node-esrecurse (4.3.0-2) ...
#6 120.0 Selecting previously unselected package node-eslint-scope.
#6 120.0 Preparing to unpack .../115-node-eslint-scope_7.1.1+~3.7.4-1_all.deb ...
#6 120.1 Unpacking node-eslint-scope (7.1.1+~3.7.4-1) ...
#6 120.2 Selecting previously unselected package node-espree.
#6 120.2 Preparing to unpack .../116-node-espree_9.4.1~dfsg-2_all.deb ...
#6 120.2 Unpacking node-espree (9.4.1~dfsg-2) ...
#6 120.4 Selecting previously unselected package node-esquery.
#6 120.4 Preparing to unpack .../117-node-esquery_1.4.2~ds-1_all.deb ...
#6 120.4 Unpacking node-esquery (1.4.2~ds-1) ...
#6 120.6 Selecting previously unselected package node-eslint-utils.
#6 120.6 Preparing to unpack .../118-node-eslint-utils_3.0.0-3_all.deb ...
#6 120.6 Unpacking node-eslint-utils (3.0.0-3) ...
#6 120.7 Selecting previously unselected package node-flatted.
#6 120.7 Preparing to unpack .../119-node-flatted_3.2.7~ds-1_all.deb ...
#6 120.7 Unpacking node-flatted (3.2.7~ds-1) ...
#6 120.9 Selecting previously unselected package node-fs.realpath.
#6 120.9 Preparing to unpack .../120-node-fs.realpath_1.0.0-3_all.deb ...
#6 120.9 Unpacking node-fs.realpath (1.0.0-3) ...
#6 121.0 Selecting previously unselected package node-wrappy.
#6 121.0 Preparing to unpack .../121-node-wrappy_1.0.2-3_all.deb ...
#6 121.0 Unpacking node-wrappy (1.0.2-3) ...
#6 121.2 Selecting previously unselected package node-once.
#6 121.2 Preparing to unpack .../122-node-once_1.4.1-1_all.deb ...
#6 121.2 Unpacking node-once (1.4.1-1) ...
#6 121.4 Selecting previously unselected package node-inflight.
#6 121.4 Preparing to unpack .../123-node-inflight_1.0.6-2_all.deb ...
#6 121.4 Unpacking node-inflight (1.0.6-2) ...
#6 121.5 Selecting previously unselected package node-balanced-match.
#6 121.5 Preparing to unpack .../124-node-balanced-match_2.0.0-1_all.deb ...
#6 121.6 Unpacking node-balanced-match (2.0.0-1) ...
#6 121.7 Selecting previously unselected package node-brace-expansion.
#6 121.7 Preparing to unpack .../125-node-brace-expansion_2.0.1+~1.1.0-1_all.deb ...
#6 121.7 Unpacking node-brace-expansion (2.0.1+~1.1.0-1) ...
#6 121.9 Selecting previously unselected package node-minimatch.
#6 121.9 Preparing to unpack .../126-node-minimatch_9.0.3-4build5_all.deb ...
#6 121.9 Unpacking node-minimatch (9.0.3-4build5) ...
#6 122.1 Selecting previously unselected package node-glob.
#6 122.1 Preparing to unpack .../127-node-glob_8.1.0+~cs8.5.15-1_all.deb ...
#6 122.1 Unpacking node-glob (8.1.0+~cs8.5.15-1) ...
#6 122.2 Selecting previously unselected package node-rimraf.
#6 122.2 Preparing to unpack .../128-node-rimraf_3.0.2-2_all.deb ...
#6 122.2 Unpacking node-rimraf (3.0.2-2) ...
#6 122.4 Selecting previously unselected package node-write.
#6 122.4 Preparing to unpack .../129-node-write_2.0.0~6.0.1+~3.0.4+~2.0.0+~1.0.0+~2.0.1-1_all.deb ...
#6 122.4 Unpacking node-write (2.0.0~6.0.1+~3.0.4+~2.0.0+~1.0.0+~2.0.1-1) ...
#6 122.6 Selecting previously unselected package node-flat-cache.
#6 122.6 Preparing to unpack .../130-node-flat-cache_3.0.4~6.0.1+~3.0.4+~2.0.0+~1.0.0+~2.0.1-1_all.deb ...
#6 122.6 Unpacking node-flat-cache (3.0.4~6.0.1+~3.0.4+~2.0.0+~1.0.0+~2.0.1-1) ...
#6 122.8 Selecting previously unselected package node-file-entry-cache.
#6 122.8 Preparing to unpack .../131-node-file-entry-cache_6.0.1+~3.0.4+~2.0.0+~1.0.0+~2.0.1-1_all.deb ...
#6 122.8 Unpacking node-file-entry-cache (6.0.1+~3.0.4+~2.0.0+~1.0.0+~2.0.1-1) ...
#6 122.9 Selecting previously unselected package node-functional-red-black-tree.
#6 122.9 Preparing to unpack .../132-node-functional-red-black-tree_1.0.1+20181105-7_all.deb ...
#6 123.0 Unpacking node-functional-red-black-tree (1.0.1+20181105-7) ...
#6 123.1 Selecting previously unselected package node-is-extglob.
#6 123.1 Preparing to unpack .../133-node-is-extglob_2.1.1-5_all.deb ...
#6 123.1 Unpacking node-is-extglob (2.1.1-5) ...
#6 123.3 Selecting previously unselected package node-is-glob.
#6 123.3 Preparing to unpack .../134-node-is-glob_4.0.3-2_all.deb ...
#6 123.3 Unpacking node-is-glob (4.0.3-2) ...
#6 123.4 Selecting previously unselected package node-path-dirname.
#6 123.4 Preparing to unpack .../135-node-path-dirname_1.0.2-2_all.deb ...
#6 123.4 Unpacking node-path-dirname (1.0.2-2) ...
#6 123.6 Selecting previously unselected package node-glob-parent.
#6 123.6 Preparing to unpack .../136-node-glob-parent_6.0.2+~5.1.1-2_all.deb ...
#6 123.6 Unpacking node-glob-parent (6.0.2+~5.1.1-2) ...
#6 123.8 Selecting previously unselected package node-globals.
#6 123.8 Preparing to unpack .../137-node-globals_13.23.0-1_all.deb ...
#6 123.8 Unpacking node-globals (13.23.0-1) ...
#6 124.0 Selecting previously unselected package node-resolve-from.
#6 124.0 Preparing to unpack .../138-node-resolve-from_5.0.0+~3.1.0+~3.3.0+~2.0.0-1_all.deb ...
#6 124.0 Unpacking node-resolve-from (5.0.0+~3.1.0+~3.3.0+~2.0.0-1) ...
#6 124.2 Selecting previously unselected package node-imurmurhash.
#6 124.2 Preparing to unpack .../139-node-imurmurhash_0.1.4+dfsg+~0.1.1-2_all.deb ...
#6 124.2 Unpacking node-imurmurhash (0.1.4+dfsg+~0.1.1-2) ...
#6 124.4 Selecting previously unselected package node-ignore.
#6 124.4 Preparing to unpack .../140-node-ignore_5.2.1-1_all.deb ...
#6 124.4 Unpacking node-ignore (5.2.1-1) ...
#6 124.6 Selecting previously unselected package node-prelude-ls.
#6 124.6 Preparing to unpack .../141-node-prelude-ls_1.2.1+dfsg-3_all.deb ...
#6 124.6 Unpacking node-prelude-ls (1.2.1+dfsg-3) ...
#6 124.7 Selecting previously unselected package node-type-check.
#6 124.7 Preparing to unpack .../142-node-type-check_0.4.0+dfsg-3_all.deb ...
#6 124.8 Unpacking node-type-check (0.4.0+dfsg-3) ...
#6 124.9 Selecting previously unselected package node-levn.
#6 124.9 Preparing to unpack .../143-node-levn_0.4.1+dfsg-2_all.deb ...
#6 124.9 Unpacking node-levn (0.4.1+dfsg-2) ...
#6 125.1 Selecting previously unselected package node-lodash.
#6 125.1 Preparing to unpack .../144-node-lodash_4.17.21+dfsg+~cs8.31.198.20210220-9_all.deb ...
#6 125.1 Unpacking node-lodash (4.17.21+dfsg+~cs8.31.198.20210220-9) ...
#6 125.6 Selecting previously unselected package node-memfs.
#6 125.6 Preparing to unpack .../145-node-memfs_3.4.12+~cs1.0.3-1_all.deb ...
#6 125.6 Unpacking node-memfs (3.4.12+~cs1.0.3-1) ...
#6 125.7 Selecting previously unselected package node-mkdirp.
#6 125.8 Preparing to unpack .../146-node-mkdirp_1.0.4+~1.0.2-4_all.deb ...
#6 125.8 Unpacking node-mkdirp (1.0.4+~1.0.2-4) ...
#6 125.9 Selecting previously unselected package node-deep-is.
#6 125.9 Preparing to unpack .../147-node-deep-is_0.1.4-1_all.deb ...
#6 125.9 Unpacking node-deep-is (0.1.4-1) ...
#6 126.1 Selecting previously unselected package node-fast-levenshtein.
#6 126.1 Preparing to unpack .../148-node-fast-levenshtein_2.0.6+ds-3_all.deb ...
#6 126.1 Unpacking node-fast-levenshtein (2.0.6+ds-3) ...
#6 126.3 Selecting previously unselected package node-optionator.
#6 126.3 Preparing to unpack .../149-node-optionator_0.9.1+dfsg+~cs1.2.3-1_all.deb ...
#6 126.3 Unpacking node-optionator (0.9.1+dfsg+~cs1.2.3-1) ...
#6 126.4 Selecting previously unselected package node-progress.
#6 126.4 Preparing to unpack .../150-node-progress_2.0.3-2_all.deb ...
#6 126.5 Unpacking node-progress (2.0.3-2) ...
#6 126.6 Selecting previously unselected package libjs-regenerate.
#6 126.6 Preparing to unpack .../151-libjs-regenerate_1.4.2-3_all.deb ...
#6 126.6 Unpacking libjs-regenerate (1.4.2-3) ...
#6 126.8 Selecting previously unselected package node-regenerate.
#6 126.8 Preparing to unpack .../152-node-regenerate_1.4.2-3_all.deb ...
#6 126.8 Unpacking node-regenerate (1.4.2-3) ...
#6 126.9 Selecting previously unselected package node-regenerate-unicode-properties.
#6 126.9 Preparing to unpack .../153-node-regenerate-unicode-properties_10.1.0+ds-1_all.deb ...
#6 126.9 Unpacking node-regenerate-unicode-properties (10.1.0+ds-1) ...
#6 127.1 Selecting previously unselected package node-regexpp.
#6 127.2 Preparing to unpack .../154-node-regexpp_3.2.0-5_all.deb ...
#6 127.2 Unpacking node-regexpp (3.2.0-5) ...
#6 127.3 Selecting previously unselected package node-yallist.
#6 127.3 Preparing to unpack .../155-node-yallist_4.0.0+~4.0.1-1_all.deb ...
#6 127.3 Unpacking node-yallist (4.0.0+~4.0.1-1) ...
#6 127.5 Selecting previously unselected package node-lru-cache.
#6 127.5 Preparing to unpack .../156-node-lru-cache_7.14.1-1_all.deb ...
#6 127.5 Unpacking node-lru-cache (7.14.1-1) ...
#6 127.6 Selecting previously unselected package node-semver.
#6 127.6 Preparing to unpack .../157-node-semver_7.5.4+~7.5.0-2_all.deb ...
#6 127.6 Unpacking node-semver (7.5.4+~7.5.0-2) ...
#6 127.8 Selecting previously unselected package node-strip-json-comments.
#6 127.8 Preparing to unpack .../158-node-strip-json-comments_4.0.0-4_all.deb ...
#6 127.8 Unpacking node-strip-json-comments (4.0.0-4) ...
#6 127.9 Selecting previously unselected package node-json-schema.
#6 127.9 Preparing to unpack .../159-node-json-schema_0.4.0+~7.0.11-1_all.deb ...
#6 128.0 Unpacking node-json-schema (0.4.0+~7.0.11-1) ...
#6 128.1 Selecting previously unselected package node-v8-compile-cache.
#6 128.1 Preparing to unpack .../160-node-v8-compile-cache_2.4.0-2_all.deb ...
#6 128.1 Unpacking node-v8-compile-cache (2.4.0-2) ...
#6 128.3 Selecting previously unselected package eslint.
#6 128.3 Preparing to unpack .../161-eslint_6.4.0~dfsg+~6.1.9-11build3_all.deb ...
#6 128.4 Unpacking eslint (6.4.0~dfsg+~6.1.9-11build3) ...
#6 128.6 Selecting previously unselected package libcurl3t64-gnutls:amd64.
#6 128.6 Preparing to unpack .../162-libcurl3t64-gnutls_8.5.0-2ubuntu10.11_amd64.deb ...
#6 128.6 Unpacking libcurl3t64-gnutls:amd64 (8.5.0-2ubuntu10.11) ...
#6 128.8 Selecting previously unselected package liberror-perl.
#6 128.8 Preparing to unpack .../163-liberror-perl_0.17029-2_all.deb ...
#6 128.8 Unpacking liberror-perl (0.17029-2) ...
#6 128.9 Selecting previously unselected package git-man.
#6 128.9 Preparing to unpack .../164-git-man_1%3a2.43.0-1ubuntu7.3_all.deb ...
#6 129.0 Unpacking git-man (1:2.43.0-1ubuntu7.3) ...
#6 129.2 Selecting previously unselected package git.
#6 129.2 Preparing to unpack .../165-git_1%3a2.43.0-1ubuntu7.3_amd64.deb ...
#6 129.3 Unpacking git (1:2.43.0-1ubuntu7.3) ...
#6 129.8 Selecting previously unselected package python3-six.
#6 129.8 Preparing to unpack .../166-python3-six_1.16.0-4_all.deb ...
#6 129.8 Unpacking python3-six (1.16.0-4) ...
#6 130.0 Selecting previously unselected package gyp.
#6 130.0 Preparing to unpack .../167-gyp_0.1+20220404git9ecf45e-2_all.deb ...
#6 130.0 Unpacking gyp (0.1+20220404git9ecf45e-2) ...
#6 130.2 Selecting previously unselected package node-neo-async.
#6 130.2 Preparing to unpack .../168-node-neo-async_2.6.2+~cs3.0.0-3_all.deb ...
#6 130.2 Unpacking node-neo-async (2.6.2+~cs3.0.0-3) ...
#6 130.4 Selecting previously unselected package node-arrify.
#6 130.4 Preparing to unpack .../169-node-arrify_2.0.1-3_all.deb ...
#6 130.4 Unpacking node-arrify (2.0.1-3) ...
#6 130.5 Selecting previously unselected package node-is-plain-obj.
#6 130.5 Preparing to unpack .../170-node-is-plain-obj_3.0.0-2_all.deb ...
#6 130.6 Unpacking node-is-plain-obj (3.0.0-2) ...
#6 130.7 Selecting previously unselected package node-is-buffer.
#6 130.7 Preparing to unpack .../171-node-is-buffer_2.0.5-2_all.deb ...
#6 130.7 Unpacking node-is-buffer (2.0.5-2) ...
#6 130.9 Selecting previously unselected package node-kind-of.
#6 130.9 Preparing to unpack .../172-node-kind-of_6.0.3+dfsg-2_all.deb ...
#6 130.9 Unpacking node-kind-of (6.0.3+dfsg-2) ...
#6 131.0 Selecting previously unselected package node-minimist.
#6 131.0 Preparing to unpack .../173-node-minimist_1.2.8+~cs5.3.5-1_all.deb ...
#6 131.1 Unpacking node-minimist (1.2.8+~cs5.3.5-1) ...
#6 131.2 Selecting previously unselected package node-wordwrap.
#6 131.2 Preparing to unpack .../174-node-wordwrap_1.0.0-4_all.deb ...
#6 131.2 Unpacking node-wordwrap (1.0.0-4) ...
#6 131.3 Selecting previously unselected package node-optimist.
#6 131.3 Preparing to unpack .../175-node-optimist_0.6.1+~0.0.30-2_all.deb ...
#6 131.3 Unpacking node-optimist (0.6.1+~0.0.30-2) ...
#6 131.5 Selecting previously unselected package libjs-source-map.
#6 131.5 Preparing to unpack .../176-libjs-source-map_0.7.0++dfsg2+really.0.6.1-15_all.deb ...
#6 131.5 Unpacking libjs-source-map (0.7.0++dfsg2+really.0.6.1-15) ...
#6 131.7 Selecting previously unselected package node-source-map.
#6 131.7 Preparing to unpack .../177-node-source-map_0.7.0++dfsg2+really.0.6.1-15_all.deb ...
#6 131.7 Unpacking node-source-map (0.7.0++dfsg2+really.0.6.1-15) ...
#6 131.8 Selecting previously unselected package handlebars.
#6 131.8 Preparing to unpack .../178-handlebars_3%3a4.7.7+~4.1.0-1_all.deb ...
#6 131.9 Unpacking handlebars (3:4.7.7+~4.1.0-1) ...
#6 132.0 Selecting previously unselected package libjs-async.
#6 132.0 Preparing to unpack .../179-libjs-async_0.8.0-6_all.deb ...
#6 132.1 Unpacking libjs-async (0.8.0-6) ...
#6 132.2 Selecting previously unselected package libjs-events.
#6 132.2 Preparing to unpack .../180-libjs-events_3.3.0+~3.0.0-3_all.deb ...
#6 132.2 Unpacking libjs-events (3.3.0+~3.0.0-3) ...
#6 132.3 Selecting previously unselected package libjs-is-typedarray.
#6 132.3 Preparing to unpack .../181-libjs-is-typedarray_1.0.0-4_all.deb ...
#6 132.4 Unpacking libjs-is-typedarray (1.0.0-4) ...
#6 132.5 Selecting previously unselected package libjs-prettify.
#6 132.5 Preparing to unpack .../182-libjs-prettify_2015.12.04+dfsg-1.1_all.deb ...
#6 132.5 Unpacking libjs-prettify (2015.12.04+dfsg-1.1) ...
#6 132.7 Selecting previously unselected package libjs-sprintf-js.
#6 132.7 Preparing to unpack .../183-libjs-sprintf-js_1.1.2+ds1+~1.1.2-1_all.deb ...
#6 132.7 Unpacking libjs-sprintf-js (1.1.2+ds1+~1.1.2-1) ...
#6 132.8 Selecting previously unselected package libjs-typedarray-to-buffer.
#6 132.8 Preparing to unpack .../184-libjs-typedarray-to-buffer_4.0.0-2_all.deb ...
#6 132.8 Unpacking libjs-typedarray-to-buffer (4.0.0-2) ...
#6 133.0 Selecting previously unselected package node-lodash-packages.
#6 133.0 Preparing to unpack .../185-node-lodash-packages_4.17.21+dfsg+~cs8.31.198.20210220-9_all.deb ...
#6 133.0 Unpacking node-lodash-packages (4.17.21+dfsg+~cs8.31.198.20210220-9) ...
#6 133.7 Selecting previously unselected package node-function-bind.
#6 133.7 Preparing to unpack .../186-node-function-bind_1.1.2+~cs2.1.14-1_all.deb ...
#6 133.7 Unpacking node-function-bind (1.1.2+~cs2.1.14-1) ...
#6 133.9 Selecting previously unselected package node-object-inspect.
#6 133.9 Preparing to unpack .../187-node-object-inspect_1.12.2+~cs1.8.1-1_all.deb ...
#6 133.9 Unpacking node-object-inspect (1.12.2+~cs1.8.1-1) ...
#6 134.1 Selecting previously unselected package node-es-abstract.
#6 134.1 Preparing to unpack .../188-node-es-abstract_1.20.4+~cs26.27.47-1_all.deb ...
#6 134.1 Unpacking node-es-abstract (1.20.4+~cs26.27.47-1) ...
#6 134.6 Selecting previously unselected package node-resolve.
#6 134.6 Preparing to unpack .../189-node-resolve_1.22.8+~cs5.34.15-2_all.deb ...
#6 134.6 Unpacking node-resolve (1.22.8+~cs5.34.15-2) ...
#6 134.8 Selecting previously unselected package node-define-properties.
#6 134.8 Preparing to unpack .../190-node-define-properties_1.2.1+~cs2.2.3-1_all.deb ...
#6 134.8 Unpacking node-define-properties (1.2.1+~cs2.2.3-1) ...
#6 134.9 Selecting previously unselected package node-debbundle-es-to-primitive.
#6 134.9 Preparing to unpack .../191-node-debbundle-es-to-primitive_1.2.1+~cs9.7.25-2_all.deb ...
#6 135.0 Unpacking node-debbundle-es-to-primitive (1.2.1+~cs9.7.25-2) ...
#6 135.2 Selecting previously unselected package node-isobject.
#6 135.2 Preparing to unpack .../192-node-isobject_4.0.0-2_all.deb ...
#6 135.2 Unpacking node-isobject (4.0.0-2) ...
#6 135.3 Selecting previously unselected package node-is-descriptor.
#6 135.4 Preparing to unpack .../193-node-is-descriptor_3.0.0-2_all.deb ...
#6 135.4 Unpacking node-is-descriptor (3.0.0-2) ...
#6 135.5 Selecting previously unselected package node-define-property.
#6 135.6 Preparing to unpack .../194-node-define-property_2.0.2+really+2.0.2-3_all.deb ...
#6 135.6 Unpacking node-define-property (2.0.2+really+2.0.2-3) ...
#6 135.7 Selecting previously unselected package node-defined.
#6 135.7 Preparing to unpack .../195-node-defined_1.0.1+~1.0.0-1_all.deb ...
#6 135.7 Unpacking node-defined (1.0.1+~1.0.0-1) ...
#6 135.9 Selecting previously unselected package node-abbrev.
#6 135.9 Preparing to unpack .../196-node-abbrev_1.1.1+~1.1.2-1_all.deb ...
#6 135.9 Unpacking node-abbrev (1.1.1+~1.1.2-1) ...
#6 136.0 Selecting previously unselected package node-archy.
#6 136.0 Preparing to unpack .../197-node-archy_1.0.0-6_all.deb ...
#6 136.1 Unpacking node-archy (1.0.0-6) ...
#6 136.2 Selecting previously unselected package node-async.
#6 136.2 Preparing to unpack .../198-node-async_0.8.0-6_all.deb ...
#6 136.2 Unpacking node-async (0.8.0-6) ...
#6 136.4 Selecting previously unselected package node-convert-source-map.
#6 136.4 Preparing to unpack .../199-node-convert-source-map_1.9.0+~1.5.2-1_all.deb ...
#6 136.4 Unpacking node-convert-source-map (1.9.0+~1.5.2-1) ...
#6 136.5 Selecting previously unselected package node-decamelize.
#6 136.5 Preparing to unpack .../200-node-decamelize_4.0.0-2_all.deb ...
#6 136.6 Unpacking node-decamelize (4.0.0-2) ...
#6 136.7 Selecting previously unselected package node-es6-error.
#6 136.7 Preparing to unpack .../201-node-es6-error_4.1.1-5_all.deb ...
#6 136.7 Unpacking node-es6-error (4.1.1-5) ...
#6 136.9 Selecting previously unselected package node-esprima.
#6 136.9 Preparing to unpack .../202-node-esprima_4.0.1+ds+~4.0.3-2_all.deb ...
#6 137.0 Unpacking node-esprima (4.0.1+ds+~4.0.3-2) ...
#6 137.1 Selecting previously unselected package node-escodegen.
#6 137.1 Preparing to unpack .../203-node-escodegen_2.1.0+dfsg+~0.0.8-1_all.deb ...
#6 137.2 Unpacking node-escodegen (2.1.0+dfsg+~0.0.8-1) ...
#6 137.3 Selecting previously unselected package node-commondir.
#6 137.3 Preparing to unpack .../204-node-commondir_1.0.1+~1.0.0-1_all.deb ...
#6 137.3 Unpacking node-commondir (1.0.1+~1.0.0-1) ...
#6 137.4 Selecting previously unselected package node-is-number.
#6 137.4 Preparing to unpack .../205-node-is-number_7.0.0-4_all.deb ...
#6 137.5 Unpacking node-is-number (7.0.0-4) ...
#6 137.6 Selecting previously unselected package node-repeat-string.
#6 137.6 Preparing to unpack .../206-node-repeat-string_1.6.1+repack-1_all.deb ...
#6 137.6 Unpacking node-repeat-string (1.6.1+repack-1) ...
#6 137.7 Selecting previously unselected package node-to-regex-range.
#6 137.7 Preparing to unpack .../207-node-to-regex-range_5.0.1-4_all.deb ...
#6 137.7 Unpacking node-to-regex-range (5.0.1-4) ...
#6 137.8 Selecting previously unselected package node-fill-range.
#6 137.8 Preparing to unpack .../208-node-fill-range_7.0.1+~7.0.0-1_all.deb ...
#6 137.8 Unpacking node-fill-range (7.0.1+~7.0.0-1) ...
#6 137.9 Selecting previously unselected package node-braces.
#6 137.9 Preparing to unpack .../209-node-braces_3.0.2+~3.0.1-1_all.deb ...
#6 137.9 Unpacking node-braces (3.0.2+~3.0.1-1) ...
#6 138.0 Selecting previously unselected package node-normalize-path.
#6 138.0 Preparing to unpack .../210-node-normalize-path_3.0.0+~3.0.0-1_all.deb ...
#6 138.0 Unpacking node-normalize-path (3.0.0+~3.0.0-1) ...
#6 138.1 Selecting previously unselected package node-anymatch.
#6 138.1 Preparing to unpack .../211-node-anymatch_3.1.3+~cs4.6.1-2_all.deb ...
#6 138.1 Unpacking node-anymatch (3.1.3+~cs4.6.1-2) ...
#6 138.2 Selecting previously unselected package node-micromatch.
#6 138.2 Preparing to unpack .../212-node-micromatch_4.0.5+~4.0.2-1_all.deb ...
#6 138.2 Unpacking node-micromatch (4.0.5+~4.0.2-1) ...
#6 138.3 Selecting previously unselected package node-pify.
#6 138.3 Preparing to unpack .../213-node-pify_5.0.0+~cs5.0.1-1_all.deb ...
#6 138.3 Unpacking node-pify (5.0.0+~cs5.0.1-1) ...
#6 138.4 Selecting previously unselected package node-path-type.
#6 138.4 Preparing to unpack .../214-node-path-type_4.0.0-3_all.deb ...
#6 138.4 Unpacking node-path-type (4.0.0-3) ...
#6 138.5 Selecting previously unselected package node-n3.
#6 138.5 Preparing to unpack .../215-node-n3_1.16.3+~1.2.3+~1.10.4-1_all.deb ...
#6 138.5 Unpacking node-n3 (1.16.3+~1.2.3+~1.10.4-1) ...
#6 138.7 Selecting previously unselected package node-slash.
#6 138.7 Preparing to unpack .../216-node-slash_4.0.0-3_all.deb ...
#6 138.7 Unpacking node-slash (4.0.0-3) ...
#6 138.8 Selecting previously unselected package node-globby.
#6 138.8 Preparing to unpack .../217-node-globby_13.1.3+~cs16.25.40-2_all.deb ...
#6 138.8 Unpacking node-globby (13.1.3+~cs16.25.40-2) ...
#6 138.9 Selecting previously unselected package node-graceful-fs.
#6 138.9 Preparing to unpack .../218-node-graceful-fs_4.2.10-1_all.deb ...
#6 139.0 Unpacking node-graceful-fs (4.2.10-1) ...
#6 139.1 Selecting previously unselected package node-is-path-cwd.
#6 139.1 Preparing to unpack .../219-node-is-path-cwd_2.2.0-2_all.deb ...
#6 139.1 Unpacking node-is-path-cwd (2.2.0-2) ...
#6 139.2 Selecting previously unselected package node-path-is-inside.
#6 139.2 Preparing to unpack .../220-node-path-is-inside_1.0.2+~1.0.0-1_all.deb ...
#6 139.2 Unpacking node-path-is-inside (1.0.2+~1.0.0-1) ...
#6 139.4 Selecting previously unselected package node-is-path-inside.
#6 139.4 Preparing to unpack .../221-node-is-path-inside_3.0.3-2_all.deb ...
#6 139.4 Unpacking node-is-path-inside (3.0.3-2) ...
#6 139.5 Selecting previously unselected package node-escape-string-regexp.
#6 139.6 Preparing to unpack .../222-node-escape-string-regexp_4.0.0-2_all.deb ...
#6 139.6 Unpacking node-escape-string-regexp (4.0.0-2) ...
#6 139.7 Selecting previously unselected package node-indent-string.
#6 139.7 Preparing to unpack .../223-node-indent-string_4.0.0-2_all.deb ...
#6 139.7 Unpacking node-indent-string (4.0.0-2) ...
#6 139.8 Selecting previously unselected package node-p-map.
#6 139.8 Preparing to unpack .../224-node-p-map_4.0.0+~3.1.0+~3.0.1-1_all.deb ...
#6 139.8 Unpacking node-p-map (4.0.0+~3.1.0+~3.0.1-1) ...
#6 139.9 Selecting previously unselected package node-del.
#6 139.9 Preparing to unpack .../225-node-del_7.0.0-5_all.deb ...
#6 139.9 Unpacking node-del (7.0.0-5) ...
#6 140.0 Selecting previously unselected package node-make-dir.
#6 140.0 Preparing to unpack .../226-node-make-dir_3.1.0-3_all.deb ...
#6 140.0 Unpacking node-make-dir (3.1.0-3) ...
#6 140.2 Selecting previously unselected package node-p-limit.
#6 140.2 Preparing to unpack .../227-node-p-limit_4.0.0+~cs4.0.0-5_all.deb ...
#6 140.2 Unpacking node-p-limit (4.0.0+~cs4.0.0-5) ...
#6 140.4 Selecting previously unselected package node-p-locate.
#6 140.4 Preparing to unpack .../228-node-p-locate_6.0.0-12_all.deb ...
#6 140.4 Unpacking node-p-locate (6.0.0-12) ...
#6 140.5 Selecting previously unselected package node-locate-path.
#6 140.5 Preparing to unpack .../229-node-locate-path_7.1.1-2_all.deb ...
#6 140.5 Unpacking node-locate-path (7.1.1-2) ...
#6 140.6 Selecting previously unselected package node-path-exists.
#6 140.6 Preparing to unpack .../230-node-path-exists_5.0.0-8_all.deb ...
#6 140.6 Unpacking node-path-exists (5.0.0-8) ...
#6 140.7 Selecting previously unselected package node-find-up.
#6 140.7 Preparing to unpack .../231-node-find-up_6.3.0-7_all.deb ...
#6 140.8 Unpacking node-find-up (6.3.0-7) ...
#6 140.9 Selecting previously unselected package node-pkg-dir.
#6 140.9 Preparing to unpack .../232-node-pkg-dir_5.0.0-2_all.deb ...
#6 140.9 Unpacking node-pkg-dir (5.0.0-2) ...
#6 141.0 Selecting previously unselected package node-find-cache-dir.
#6 141.0 Preparing to unpack .../233-node-find-cache-dir_3.3.2+~3.2.1-1_all.deb ...
#6 141.0 Unpacking node-find-cache-dir (3.3.2+~3.2.1-1) ...
#6 141.1 Selecting previously unselected package node-signal-exit.
#6 141.1 Preparing to unpack .../234-node-signal-exit_4.1.0-6_all.deb ...
#6 141.1 Unpacking node-signal-exit (4.1.0-6) ...
#6 141.2 Selecting previously unselected package node-foreground-child.
#6 141.2 Preparing to unpack .../235-node-foreground-child_3.1.1-2_all.deb ...
#6 141.2 Unpacking node-foreground-child (3.1.1-2) ...
#6 141.3 Selecting previously unselected package node-is-stream.
#6 141.3 Preparing to unpack .../236-node-is-stream_3.0.0-4_all.deb ...
#6 141.3 Unpacking node-is-stream (3.0.0-4) ...
#6 141.5 Selecting previously unselected package node-is-windows.
#6 141.5 Preparing to unpack .../237-node-is-windows_1.0.2+~cs1.0.0-1_all.deb ...
#6 141.5 Unpacking node-is-windows (1.0.2+~cs1.0.0-1) ...
#6 141.7 Selecting previously unselected package node-ampproject-remapping.
#6 141.7 Preparing to unpack .../238-node-ampproject-remapping_2.2.0+~cs5.15.37-1_all.deb ...
#6 141.7 Unpacking node-ampproject-remapping (2.2.0+~cs5.15.37-1) ...
#6 142.0 Selecting previously unselected package node-sprintf-js.
#6 142.0 Preparing to unpack .../239-node-sprintf-js_1.1.2+ds1+~1.1.2-1_all.deb ...
#6 142.0 Unpacking node-sprintf-js (1.1.2+ds1+~1.1.2-1) ...
#6 142.1 Selecting previously unselected package node-argparse.
#6 142.1 Preparing to unpack .../240-node-argparse_2.0.1-2_all.deb ...
#6 142.1 Unpacking node-argparse (2.0.1-2) ...
#6 142.3 Selecting previously unselected package node-js-yaml.
#6 142.3 Preparing to unpack .../241-node-js-yaml_4.1.0+dfsg+~4.0.5-7_all.deb ...
#6 142.3 Unpacking node-js-yaml (4.1.0+dfsg+~4.0.5-7) ...
#6 142.4 Selecting previously unselected package node-nopt.
#6 142.4 Preparing to unpack .../242-node-nopt_5.0.0-4_all.deb ...
#6 142.4 Unpacking node-nopt (5.0.0-4) ...
#6 142.8 Selecting previously unselected package node-npm-run-path.
#6 142.8 Preparing to unpack .../243-node-npm-run-path_5.1.0+~4.0.0-8_all.deb ...
#6 143.0 Unpacking node-npm-run-path (5.1.0+~4.0.0-8) ...
#6 143.2 Selecting previously unselected package node-shebang-regex.
#6 143.2 Preparing to unpack .../244-node-shebang-regex_3.0.0-2_all.deb ...
#6 143.2 Unpacking node-shebang-regex (3.0.0-2) ...
#6 143.3 Selecting previously unselected package node-shebang-command.
#6 143.3 Preparing to unpack .../245-node-shebang-command_2.0.0-1_all.deb ...
#6 143.3 Unpacking node-shebang-command (2.0.0-1) ...
#6 143.4 Selecting previously unselected package node-strip-bom.
#6 143.4 Preparing to unpack .../246-node-strip-bom_4.0.0-2_all.deb ...
#6 143.4 Unpacking node-strip-bom (4.0.0-2) ...
#6 143.5 Selecting previously unselected package node-has-flag.
#6 143.5 Preparing to unpack .../247-node-has-flag_4.0.0-3_all.deb ...
#6 143.6 Unpacking node-has-flag (4.0.0-3) ...
#6 143.6 Selecting previously unselected package node-supports-color.
#6 143.6 Preparing to unpack .../248-node-supports-color_8.1.1+~8.1.1-1_all.deb ...
#6 143.6 Unpacking node-supports-color (8.1.1+~8.1.1-1) ...
#6 143.7 Selecting previously unselected package node-util.
#6 143.7 Preparing to unpack .../249-node-util_0.12.5+~1.0.10-1_all.deb ...
#6 143.8 Unpacking node-util (0.12.5+~1.0.10-1) ...
#6 143.8 Selecting previously unselected package node-assert.
#6 143.8 Preparing to unpack .../250-node-assert_2.0.0+~cs3.9.8-2_all.deb ...
#6 143.9 Unpacking node-assert (2.0.0+~cs3.9.8-2) ...
#6 144.0 Selecting previously unselected package node-babel-plugin-add-module-exports.
#6 144.0 Preparing to unpack .../251-node-babel-plugin-add-module-exports_1.0.4+dfsg1~cs5.8.0-4_all.deb ...
#6 144.0 Unpacking node-babel-plugin-add-module-exports (1.0.4+dfsg1~cs5.8.0-4) ...
#6 144.1 Selecting previously unselected package node-regenerator-runtime.
#6 144.1 Preparing to unpack .../252-node-regenerator-runtime_0.15.2+~0.10.8-1_all.deb ...
#6 144.2 Unpacking node-regenerator-runtime (0.15.2+~0.10.8-1) ...
#6 144.3 Selecting previously unselected package node-babel7-runtime.
#6 144.3 Preparing to unpack .../253-node-babel7-runtime_7.20.15+ds1+~cs214.269.168-6build1_all.deb ...
#6 144.3 Unpacking node-babel7-runtime (7.20.15+ds1+~cs214.269.168-6build1) ...
#6 144.4 Selecting previously unselected package node-babel-helper-define-polyfill-provider.
#6 144.4 Preparing to unpack .../254-node-babel-helper-define-polyfill-provider_0.3.3~0~20220913+ds1-1_all.deb ...
#6 144.4 Unpacking node-babel-helper-define-polyfill-provider (0.3.3~0~20220913+ds1-1) ...
#6 144.5 Selecting previously unselected package node-babel-plugin-polyfill-corejs2.
#6 144.5 Preparing to unpack .../255-node-babel-plugin-polyfill-corejs2_0.3.3~0~20220913+ds1-1_all.deb ...
#6 144.6 Unpacking node-babel-plugin-polyfill-corejs2 (0.3.3~0~20220913+ds1-1) ...
#6 144.7 Selecting previously unselected package node-caniuse-lite.
#6 144.7 Preparing to unpack .../256-node-caniuse-lite_1.0.30001571+dfsg+~1.0.5-1_all.deb ...
#6 144.8 Unpacking node-caniuse-lite (1.0.30001571+dfsg+~1.0.5-1) ...
#6 145.0 Selecting previously unselected package node-electron-to-chromium.
#6 145.0 Preparing to unpack .../257-node-electron-to-chromium_1.4.616-1_all.deb ...
#6 145.0 Unpacking node-electron-to-chromium (1.4.616-1) ...
#6 145.2 Selecting previously unselected package node-picocolors.
#6 145.2 Preparing to unpack .../258-node-picocolors_1.0.0-4_all.deb ...
#6 145.2 Unpacking node-picocolors (1.0.0-4) ...
#6 145.3 Selecting previously unselected package node-browserslist.
#6 145.3 Preparing to unpack .../259-node-browserslist_4.22.1+~cs6.1.28-1_all.deb ...
#6 145.3 Unpacking node-browserslist (4.22.1+~cs6.1.28-1) ...
#6 145.4 Selecting previously unselected package node-core-js-compat.
#6 145.4 Preparing to unpack .../260-node-core-js-compat_3.33.2-1build2_all.deb ...
#6 145.5 Unpacking node-core-js-compat (3.33.2-1build2) ...
#6 145.6 Selecting previously unselected package node-babel-plugin-polyfill-corejs3.
#6 145.6 Preparing to unpack .../261-node-babel-plugin-polyfill-corejs3_0.6.0~0~20220913+ds1-1_all.deb ...
#6 145.6 Unpacking node-babel-plugin-polyfill-corejs3 (0.6.0~0~20220913+ds1-1) ...
#6 145.7 Selecting previously unselected package node-babel-plugin-polyfill-regenerator.
#6 145.7 Preparing to unpack .../262-node-babel-plugin-polyfill-regenerator_0.4.1~0~20220913+ds1-1_all.deb ...
#6 145.7 Unpacking node-babel-plugin-polyfill-regenerator (0.4.1~0~20220913+ds1-1) ...
#6 145.8 Selecting previously unselected package node-color-name.
#6 145.8 Preparing to unpack .../263-node-color-name_1.1.4+~1.1.1-2_all.deb ...
#6 145.8 Unpacking node-color-name (1.1.4+~1.1.1-2) ...
#6 145.9 Selecting previously unselected package node-color-convert.
#6 145.9 Preparing to unpack .../264-node-color-convert_2.0.1+~cs2.0.0-2_all.deb ...
#6 145.9 Unpacking node-color-convert (2.0.1+~cs2.0.0-2) ...
#6 146.0 Selecting previously unselected package node-ansi-styles.
#6 146.0 Preparing to unpack .../265-node-ansi-styles_6.2.1-2_all.deb ...
#6 146.0 Unpacking node-ansi-styles (6.2.1-2) ...
#6 146.1 Selecting previously unselected package node-chalk.
#6 146.1 Preparing to unpack .../266-node-chalk_5.3.0-1build1_all.deb ...
#6 146.2 Unpacking node-chalk (5.3.0-1build1) ...
#6 146.3 Selecting previously unselected package node-for-in.
#6 146.3 Preparing to unpack .../267-node-for-in_1.0.2-4_all.deb ...
#6 146.3 Unpacking node-for-in (1.0.2-4) ...
#6 146.4 Selecting previously unselected package node-for-own.
#6 146.4 Preparing to unpack .../268-node-for-own_1.0.0-3_all.deb ...
#6 146.4 Unpacking node-for-own (1.0.0-3) ...
#6 146.5 Selecting previously unselected package node-is-plain-object.
#6 146.5 Preparing to unpack .../269-node-is-plain-object_5.0.0-7_all.deb ...
#6 146.5 Unpacking node-is-plain-object (5.0.0-7) ...
#6 146.6 Selecting previously unselected package node-is-extendable.
#6 146.6 Preparing to unpack .../270-node-is-extendable_1.0.1-3_all.deb ...
#6 146.7 Unpacking node-is-extendable (1.0.1-3) ...
#6 146.8 Selecting previously unselected package node-clone-deep.
#6 146.8 Preparing to unpack .../271-node-clone-deep_4.0.1+~cs7.0.2-1_all.deb ...
#6 146.8 Unpacking node-clone-deep (4.0.1+~cs7.0.2-1) ...
#6 146.9 Selecting previously unselected package node-commander.
#6 146.9 Preparing to unpack .../272-node-commander_9.4.1-1_all.deb ...
#6 146.9 Unpacking node-commander (9.4.1-1) ...
#6 147.0 Selecting previously unselected package node-core-js.
#6 147.0 Preparing to unpack .../273-node-core-js_3.33.2-1build2_all.deb ...
#6 147.1 Unpacking node-core-js (3.33.2-1build2) ...
#6 147.6 Selecting previously unselected package node-core-js-pure.
#6 147.6 Preparing to unpack .../274-node-core-js-pure_3.33.2-1build2_all.deb ...
#6 147.6 Unpacking node-core-js-pure (3.33.2-1build2) ...
#6 148.0 Selecting previously unselected package node-fs-readdir-recursive.
#6 148.0 Preparing to unpack .../275-node-fs-readdir-recursive_1.1.0+~1.1.0-1_all.deb ...
#6 148.0 Unpacking node-fs-readdir-recursive (1.1.0+~1.1.0-1) ...
#6 148.2 Selecting previously unselected package node-js-tokens.
#6 148.2 Preparing to unpack .../276-node-js-tokens_8.0.0-2_all.deb ...
#6 148.2 Unpacking node-js-tokens (8.0.0-2) ...
#6 148.3 Selecting previously unselected package node-jsesc.
#6 148.4 Preparing to unpack .../277-node-jsesc_3.0.2+~3.0.1-1_all.deb ...
#6 148.4 Unpacking node-jsesc (3.0.2+~3.0.1-1) ...
#6 148.5 Selecting previously unselected package node-json5.
#6 148.5 Preparing to unpack .../278-node-json5_2.2.3+dfsg-1build1_all.deb ...
#6 148.5 Unpacking node-json5 (2.2.3+dfsg-1build1) ...
#6 148.6 Selecting previously unselected package node-quick-lru.
#6 148.6 Preparing to unpack .../279-node-quick-lru_6.1.1-4_all.deb ...
#6 148.6 Unpacking node-quick-lru (6.1.1-4) ...
#6 148.7 Selecting previously unselected package node-regenerator-transform.
#6 148.8 Preparing to unpack .../280-node-regenerator-transform_0.15.2+~0.10.8-1_all.deb ...
#6 148.8 Unpacking node-regenerator-transform (0.15.2+~0.10.8-1) ...
#6 148.9 Selecting previously unselected package node-regjsgen.
#6 148.9 Preparing to unpack .../281-node-regjsgen_0.7.1+ds-1_all.deb ...
#6 148.9 Unpacking node-regjsgen (0.7.1+ds-1) ...
#6 149.0 Selecting previously unselected package node-regjsparser.
#6 149.0 Preparing to unpack .../282-node-regjsparser_0.9.1+ds-2_all.deb ...
#6 149.0 Unpacking node-regjsparser (0.9.1+ds-2) ...
#6 149.1 Selecting previously unselected package node-unicode-canonical-property-names-ecmascript.
#6 149.1 Preparing to unpack .../283-node-unicode-canonical-property-names-ecmascript_2.0.0-2_all.deb ...
#6 149.2 Unpacking node-unicode-canonical-property-names-ecmascript (2.0.0-2) ...
#6 149.3 Selecting previously unselected package node-unicode-property-aliases-ecmascript.
#6 149.3 Preparing to unpack .../284-node-unicode-property-aliases-ecmascript_2.1.0+ds-1_all.deb ...
#6 149.4 Unpacking node-unicode-property-aliases-ecmascript (2.1.0+ds-1) ...
#6 149.5 Selecting previously unselected package node-unicode-match-property-ecmascript.
#6 149.5 Preparing to unpack .../285-node-unicode-match-property-ecmascript_2.0.0-2_all.deb ...
#6 149.6 Unpacking node-unicode-match-property-ecmascript (2.0.0-2) ...
#6 149.7 Selecting previously unselected package node-unicode-match-property-value-ecmascript.
#6 149.7 Preparing to unpack .../286-node-unicode-match-property-value-ecmascript_2.1.0+ds-1_all.deb ...
#6 149.7 Unpacking node-unicode-match-property-value-ecmascript (2.1.0+ds-1) ...
#6 149.9 Selecting previously unselected package node-regexpu-core.
#6 149.9 Preparing to unpack .../287-node-regexpu-core_5.2.2-3_all.deb ...
#6 149.9 Unpacking node-regexpu-core (5.2.2-3) ...
#6 150.1 Selecting previously unselected package node-source-map-support.
#6 150.1 Preparing to unpack .../288-node-source-map-support_0.5.21+ds+~0.5.4-1_all.deb ...
#6 150.1 Unpacking node-source-map-support (0.5.21+ds+~0.5.4-1) ...
#6 150.2 Selecting previously unselected package node-to-fast-properties.
#6 150.2 Preparing to unpack .../289-node-to-fast-properties_3.0.1-3_all.deb ...
#6 150.2 Unpacking node-to-fast-properties (3.0.1-3) ...
#6 150.3 Selecting previously unselected package node-v8flags.
#6 150.3 Preparing to unpack .../290-node-v8flags_3.2.0+~3.1.1-1_all.deb ...
#6 150.3 Unpacking node-v8flags (3.2.0+~3.1.1-1) ...
#6 150.5 Selecting previously unselected package node-babel7.
#6 150.5 Preparing to unpack .../291-node-babel7_7.20.15+ds1+~cs214.269.168-6build1_all.deb ...
#6 150.5 Unpacking node-babel7 (7.20.15+ds1+~cs214.269.168-6build1) ...
#6 151.1 Selecting previously unselected package node-is-arrayish.
#6 151.1 Preparing to unpack .../292-node-is-arrayish_0.3.2-3_all.deb ...
#6 151.1 Unpacking node-is-arrayish (0.3.2-3) ...
#6 151.2 Selecting previously unselected package node-error-ex.
#6 151.2 Preparing to unpack .../293-node-error-ex_1.3.2-4_all.deb ...
#6 151.2 Unpacking node-error-ex (1.3.2-4) ...
#6 151.3 Selecting previously unselected package node-json-parse-better-errors.
#6 151.3 Preparing to unpack .../294-node-json-parse-better-errors_1.0.2+~cs3.3.1-2_all.deb ...
#6 151.3 Unpacking node-json-parse-better-errors (1.0.2+~cs3.3.1-2) ...
#6 151.5 Selecting previously unselected package node-parse-json.
#6 151.5 Preparing to unpack .../295-node-parse-json_5.2.0+~cs5.1.7-1_all.deb ...
#6 151.5 Unpacking node-parse-json (5.2.0+~cs5.1.7-1) ...
#6 151.6 Selecting previously unselected package node-hosted-git-info.
#6 151.6 Preparing to unpack .../296-node-hosted-git-info_6.1.1-2_all.deb ...
#6 151.6 Unpacking node-hosted-git-info (6.1.1-2) ...
#6 151.7 Selecting previously unselected package node-spdx-license-ids.
#6 151.7 Preparing to unpack .../297-node-spdx-license-ids_3.0.12-1_all.deb ...
#6 151.7 Unpacking node-spdx-license-ids (3.0.12-1) ...
#6 151.8 Selecting previously unselected package node-spdx-exceptions.
#6 151.8 Preparing to unpack .../298-node-spdx-exceptions_2.3.0-2_all.deb ...
#6 151.9 Unpacking node-spdx-exceptions (2.3.0-2) ...
#6 152.0 Selecting previously unselected package node-spdx-expression-parse.
#6 152.0 Preparing to unpack .../299-node-spdx-expression-parse_3.0.1+~3.0.1-1_all.deb ...
#6 152.0 Unpacking node-spdx-expression-parse (3.0.1+~3.0.1-1) ...
#6 152.1 Selecting previously unselected package node-spdx-correct.
#6 152.1 Preparing to unpack .../300-node-spdx-correct_3.1.1-2_all.deb ...
#6 152.1 Unpacking node-spdx-correct (3.1.1-2) ...
#6 152.2 Selecting previously unselected package node-validate-npm-package-license.
#6 152.2 Preparing to unpack .../301-node-validate-npm-package-license_3.0.4-2_all.deb ...
#6 152.2 Unpacking node-validate-npm-package-license (3.0.4-2) ...
#6 152.3 Selecting previously unselected package node-normalize-package-data.
#6 152.3 Preparing to unpack .../302-node-normalize-package-data_4.0.1+~2.4.1-1_all.deb ...
#6 152.4 Unpacking node-normalize-package-data (4.0.1+~2.4.1-1) ...
#6 152.5 Selecting previously unselected package node-read-pkg.
#6 152.5 Preparing to unpack .../303-node-read-pkg_5.2.0-2_all.deb ...
#6 152.5 Unpacking node-read-pkg (5.2.0-2) ...
#6 152.7 Selecting previously unselected package node-uuid.
#6 152.7 Preparing to unpack .../304-node-uuid_8.3.2+~8.3.3-4_all.deb ...
#6 152.7 Unpacking node-uuid (8.3.2+~8.3.3-4) ...
#6 152.8 Selecting previously unselected package node-isexe.
#6 152.8 Preparing to unpack .../305-node-isexe_2.0.0+~2.0.1-5_all.deb ...
#6 152.8 Unpacking node-isexe (2.0.0+~2.0.1-5) ...
#6 153.0 Selecting previously unselected package node-which.
#6 153.0 Preparing to unpack .../306-node-which_2.0.2+~cs1.3.2-3_all.deb ...
#6 153.0 Unpacking node-which (2.0.2+~cs1.3.2-3) ...
#6 153.1 Selecting previously unselected package node-is-typedarray.
#6 153.2 Preparing to unpack .../307-node-is-typedarray_1.0.0-4_all.deb ...
#6 153.2 Unpacking node-is-typedarray (1.0.0-4) ...
#6 153.3 Selecting previously unselected package node-typedarray-to-buffer.
#6 153.3 Preparing to unpack .../308-node-typedarray-to-buffer_4.0.0-2_all.deb ...
#6 153.4 Unpacking node-typedarray-to-buffer (4.0.0-2) ...
#6 153.5 Selecting previously unselected package node-write-file-atomic.
#6 153.5 Preparing to unpack .../309-node-write-file-atomic_4.0.2+~4.0.0-2_all.deb ...
#6 153.5 Unpacking node-write-file-atomic (4.0.2+~4.0.0-2) ...
#6 153.7 Selecting previously unselected package node-slice-ansi.
#6 153.7 Preparing to unpack .../310-node-slice-ansi_5.0.0+~cs9.0.0-5_all.deb ...
#6 153.8 Unpacking node-slice-ansi (5.0.0+~cs9.0.0-5) ...
#6 153.9 Selecting previously unselected package node-ansi-regex.
#6 153.9 Preparing to unpack .../311-node-ansi-regex_5.0.1-1_all.deb ...
#6 153.9 Unpacking node-ansi-regex (5.0.1-1) ...
#6 154.1 Selecting previously unselected package node-strip-ansi.
#6 154.1 Preparing to unpack .../312-node-strip-ansi_6.0.1-2_all.deb ...
#6 154.1 Unpacking node-strip-ansi (6.0.1-2) ...
#6 154.3 Selecting previously unselected package node-clone.
#6 154.3 Preparing to unpack .../313-node-clone_2.1.2+~2.1.2-1_all.deb ...
#6 154.3 Unpacking node-clone (2.1.2+~2.1.2-1) ...
#6 154.4 Selecting previously unselected package node-defaults.
#6 154.4 Preparing to unpack .../314-node-defaults_1.0.4+~1.0.3-1_all.deb ...
#6 154.5 Unpacking node-defaults (1.0.4+~1.0.3-1) ...
#6 154.6 Selecting previously unselected package node-wcwidth.js.
#6 154.6 Preparing to unpack .../315-node-wcwidth.js_1.0.2-2_all.deb ...
#6 154.7 Unpacking node-wcwidth.js (1.0.2-2) ...
#6 154.8 Selecting previously unselected package node-string-width.
#6 154.8 Preparing to unpack .../316-node-string-width_4.2.3+~cs13.2.3-1_all.deb ...
#6 154.8 Unpacking node-string-width (4.2.3+~cs13.2.3-1) ...
#6 155.0 Selecting previously unselected package node-wrap-ansi.
#6 155.0 Preparing to unpack .../317-node-wrap-ansi_8.0.1+~8.0.1-3_all.deb ...
#6 155.0 Unpacking node-wrap-ansi (8.0.1+~8.0.1-3) ...
#6 155.2 Selecting previously unselected package node-cliui.
#6 155.2 Preparing to unpack .../318-node-cliui_7.0.4+repack+~cs3.1.0-4_all.deb ...
#6 155.2 Unpacking node-cliui (7.0.4+repack+~cs3.1.0-4) ...
#6 155.4 Selecting previously unselected package node-get-caller-file.
#6 155.4 Preparing to unpack .../319-node-get-caller-file_2.0.5+~cs1.1.1-4_all.deb ...
#6 155.4 Unpacking node-get-caller-file (2.0.5+~cs1.1.1-4) ...
#6 155.6 Selecting previously unselected package node-require-directory.
#6 155.6 Preparing to unpack .../320-node-require-directory_2.1.1+~2.1.2-1_all.deb ...
#6 155.6 Unpacking node-require-directory (2.1.1+~2.1.2-1) ...
#6 155.8 Selecting previously unselected package node-y18n.
#6 155.8 Preparing to unpack .../321-node-y18n_5.0.8+~5.0.0-3_all.deb ...
#6 155.8 Unpacking node-y18n (5.0.8+~5.0.0-3) ...
#6 156.0 Selecting previously unselected package node-camelcase.
#6 156.0 Preparing to unpack .../322-node-camelcase_7.0.0-3_all.deb ...
#6 156.0 Unpacking node-camelcase (7.0.0-3) ...
#6 156.1 Selecting previously unselected package node-yargs-parser.
#6 156.2 Preparing to unpack .../323-node-yargs-parser_21.1.1+~21.0.0-4_all.deb ...
#6 156.2 Unpacking node-yargs-parser (21.1.1+~21.0.0-4) ...
#6 156.4 Selecting previously unselected package node-yargs.
#6 156.4 Preparing to unpack .../324-node-yargs_16.2.0+~16.0.4-7_all.deb ...
#6 156.4 Unpacking node-yargs (16.2.0+~16.0.4-7) ...
#6 156.6 Selecting previously unselected package node-istanbul.
#6 156.6 Preparing to unpack .../325-node-istanbul_0.4.5+repack10+~cs98.25.59-2_all.deb ...
#6 156.6 Unpacking node-istanbul (0.4.5+repack10+~cs98.25.59-2) ...
#6 156.9 Selecting previously unselected package node-through.
#6 156.9 Preparing to unpack .../326-node-through_2.3.8+~cs0.0.30-1_all.deb ...
#6 156.9 Unpacking node-through (2.3.8+~cs0.0.30-1) ...
#6 157.1 Selecting previously unselected package node-resumer.
#6 157.1 Preparing to unpack .../327-node-resumer_0.0.0-6_all.deb ...
#6 157.1 Unpacking node-resumer (0.0.0-6) ...
#6 157.3 Selecting previously unselected package node-tape.
#6 157.3 Preparing to unpack .../328-node-tape_5.6.1+~cs8.20.19-1_all.deb ...
#6 157.3 Unpacking node-tape (5.6.1+~cs8.20.19-1) ...
#6 157.5 Selecting previously unselected package node-deep-equal.
#6 157.5 Preparing to unpack .../329-node-deep-equal_2.2.3+~cs43.15.94-1_all.deb ...
#6 157.6 Unpacking node-deep-equal (2.2.3+~cs43.15.94-1) ...
#6 157.8 Selecting previously unselected package libjs-util.
#6 157.8 Preparing to unpack .../330-libjs-util_0.12.5+~1.0.10-1_all.deb ...
#6 157.8 Unpacking libjs-util (0.12.5+~1.0.10-1) ...
#6 158.0 Selecting previously unselected package libssl-dev:amd64.
#6 158.0 Preparing to unpack .../331-libssl-dev_3.0.13-0ubuntu3.12_amd64.deb ...
#6 158.0 Unpacking libssl-dev:amd64 (3.0.13-0ubuntu3.12) ...
#6 158.4 Selecting previously unselected package libuv1-dev:amd64.
#6 158.4 Preparing to unpack .../332-libuv1-dev_1.48.0-1.1build1_amd64.deb ...
#6 158.4 Unpacking libuv1-dev:amd64 (1.48.0-1.1build1) ...
#6 158.6 Selecting previously unselected package libnode-dev.
#6 158.6 Preparing to unpack .../333-libnode-dev_18.19.1+dfsg-6ubuntu5_amd64.deb ...
#6 158.6 Unpacking libnode-dev (18.19.1+dfsg-6ubuntu5) ...
#6 158.8 Selecting previously unselected package libpkgconf3:amd64.
#6 158.9 Preparing to unpack .../334-libpkgconf3_1.8.1-2build1_amd64.deb ...
#6 158.9 Unpacking libpkgconf3:amd64 (1.8.1-2build1) ...
#6 159.2 Selecting previously unselected package rubygems-integration.
#6 159.2 Preparing to unpack .../335-rubygems-integration_1.18_all.deb ...
#6 159.2 Unpacking rubygems-integration (1.18) ...
#6 159.3 Selecting previously unselected package ruby3.2.
#6 159.4 Preparing to unpack .../336-ruby3.2_3.2.3-1ubuntu0.24.04.8_amd64.deb ...
#6 159.4 Unpacking ruby3.2 (3.2.3-1ubuntu0.24.04.8) ...
#6 159.5 Selecting previously unselected package ruby-rubygems.
#6 159.5 Preparing to unpack .../337-ruby-rubygems_3.4.20-1_all.deb ...
#6 159.6 Unpacking ruby-rubygems (3.4.20-1) ...
#6 159.8 Selecting previously unselected package ruby.
#6 159.8 Preparing to unpack .../338-ruby_1%3a3.2~ubuntu1_amd64.deb ...
#6 159.9 Unpacking ruby (1:3.2~ubuntu1) ...
#6 160.1 Selecting previously unselected package rake.
#6 160.1 Preparing to unpack .../339-rake_13.0.6-3_all.deb ...
#6 160.2 Unpacking rake (13.0.6-3) ...
#6 160.4 Selecting previously unselected package ruby-net-telnet.
#6 160.4 Preparing to unpack .../340-ruby-net-telnet_0.2.0-1_all.deb ...
#6 160.5 Unpacking ruby-net-telnet (0.2.0-1) ...
#6 160.6 Selecting previously unselected package ruby-webrick.
#6 160.6 Preparing to unpack .../341-ruby-webrick_1.8.1-1ubuntu0.2_all.deb ...
#6 160.7 Unpacking ruby-webrick (1.8.1-1ubuntu0.2) ...
#6 160.8 Selecting previously unselected package ruby-xmlrpc.
#6 160.9 Preparing to unpack .../342-ruby-xmlrpc_0.3.2-2_all.deb ...
#6 160.9 Unpacking ruby-xmlrpc (0.3.2-2) ...
#6 161.0 Selecting previously unselected package ruby-sdbm:amd64.
#6 161.1 Preparing to unpack .../343-ruby-sdbm_1.0.0-5build4_amd64.deb ...
#6 161.1 Unpacking ruby-sdbm:amd64 (1.0.0-5build4) ...
#6 161.3 Selecting previously unselected package libruby3.2:amd64.
#6 161.3 Preparing to unpack .../344-libruby3.2_3.2.3-1ubuntu0.24.04.8_amd64.deb ...
#6 161.4 Unpacking libruby3.2:amd64 (3.2.3-1ubuntu0.24.04.8) ...
#6 163.0 Selecting previously unselected package libruby:amd64.
#6 163.0 Preparing to unpack .../345-libruby_1%3a3.2~ubuntu1_amd64.deb ...
#6 163.0 Unpacking libruby:amd64 (1:3.2~ubuntu1) ...
#6 163.1 Selecting previously unselected package node-agent-base.
#6 163.2 Preparing to unpack .../346-node-agent-base_7.1.0~0~2023071921-5_all.deb ...
#6 163.2 Unpacking node-agent-base (7.1.0~0~2023071921-5) ...
#6 163.3 Selecting previously unselected package node-ajv-keywords.
#6 163.3 Preparing to unpack .../347-node-ajv-keywords_5.1.0-4_all.deb ...
#6 163.4 Unpacking node-ajv-keywords (5.1.0-4) ...
#6 163.6 Selecting previously unselected package node-ansi-escapes.
#6 163.6 Preparing to unpack .../348-node-ansi-escapes_5.0.0+really.4.3.1-1_all.deb ...
#6 163.6 Unpacking node-ansi-escapes (5.0.0+really.4.3.1-1) ...
#6 163.8 Selecting previously unselected package node-aproba.
#6 163.8 Preparing to unpack .../349-node-aproba_2.0.0-3_all.deb ...
#6 163.8 Unpacking node-aproba (2.0.0-3) ...
#6 164.0 Selecting previously unselected package node-delegates.
#6 164.0 Preparing to unpack .../350-node-delegates_1.0.0-3_all.deb ...
#6 164.0 Unpacking node-delegates (1.0.0-3) ...
#6 164.2 Selecting previously unselected package node-are-we-there-yet.
#6 164.2 Preparing to unpack .../351-node-are-we-there-yet_3.0.1+~1.1.0-1_all.deb ...
#6 164.2 Unpacking node-are-we-there-yet (3.0.1+~1.1.0-1) ...
#6 164.4 Selecting previously unselected package node-async-each.
#6 164.4 Preparing to unpack .../352-node-async-each_1.0.3-3_all.deb ...
#6 164.4 Unpacking node-async-each (1.0.3-3) ...
#6 164.6 Selecting previously unselected package node-babel-plugin-lodash.
#6 164.6 Preparing to unpack .../353-node-babel-plugin-lodash_3.3.4+~cs2.0.1-7_all.deb ...
#6 164.6 Unpacking node-babel-plugin-lodash (3.3.4+~cs2.0.1-7) ...
#6 164.8 Selecting previously unselected package node-base64-js.
#6 164.8 Preparing to unpack .../354-node-base64-js_1.5.1+dfsg+~1.3.0-2_all.deb ...
#6 164.8 Unpacking node-base64-js (1.5.1+dfsg+~1.3.0-2) ...
#6 165.0 Selecting previously unselected package node-binary-extensions.
#6 165.0 Preparing to unpack .../355-node-binary-extensions_2.2.0-2_all.deb ...
#6 165.0 Unpacking node-binary-extensions (2.2.0-2) ...
#6 165.2 Selecting previously unselected package node-builtins.
#6 165.2 Preparing to unpack .../356-node-builtins_5.0.1-1_all.deb ...
#6 165.2 Unpacking node-builtins (5.0.1-1) ...
#6 165.4 Selecting previously unselected package node-chownr.
#6 165.4 Preparing to unpack .../357-node-chownr_2.0.0-2_all.deb ...
#6 165.4 Unpacking node-chownr (2.0.0-2) ...
#6 165.6 Selecting previously unselected package node-iconv-lite.
#6 165.6 Preparing to unpack .../358-node-iconv-lite_0.6.3-3_all.deb ...
#6 165.6 Unpacking node-iconv-lite (0.6.3-3) ...
#6 165.7 Selecting previously unselected package node-encoding.
#6 165.8 Preparing to unpack .../359-node-encoding_0.1.13-2_all.deb ...
#6 165.8 Unpacking node-encoding (0.1.13-2) ...
#6 165.9 Selecting previously unselected package node-jsonparse.
#6 166.0 Preparing to unpack .../360-node-jsonparse_1.3.1-10_all.deb ...
#6 166.0 Unpacking node-jsonparse (1.3.1-10) ...
#6 166.1 Selecting previously unselected package node-minipass.
#6 166.2 Preparing to unpack .../361-node-minipass_3.3.6+~cs9.4.19-1_all.deb ...
#6 166.2 Unpacking node-minipass (3.3.6+~cs9.4.19-1) ...
#6 166.4 Selecting previously unselected package node-iferr.
#6 166.4 Preparing to unpack .../362-node-iferr_1.0.2+~1.0.2-1_all.deb ...
#6 166.4 Unpacking node-iferr (1.0.2+~1.0.2-1) ...
#6 166.6 Selecting previously unselected package node-fs-write-stream-atomic.
#6 166.6 Preparing to unpack .../363-node-fs-write-stream-atomic_1.0.10-6_all.deb ...
#6 166.6 Unpacking node-fs-write-stream-atomic (1.0.10-6) ...
#6 166.8 Selecting previously unselected package node-run-queue.
#6 166.8 Preparing to unpack .../364-node-run-queue_2.0.0-3_all.deb ...
#6 166.8 Unpacking node-run-queue (2.0.0-3) ...
#6 166.9 Selecting previously unselected package node-copy-concurrently.
#6 167.0 Preparing to unpack .../365-node-copy-concurrently_1.0.5-9_all.deb ...
#6 167.0 Unpacking node-copy-concurrently (1.0.5-9) ...
#6 167.1 Selecting previously unselected package node-move-concurrently.
#6 167.1 Preparing to unpack .../366-node-move-concurrently_1.0.1-5_all.deb ...
#6 167.2 Unpacking node-move-concurrently (1.0.1-5) ...
#6 167.3 Selecting previously unselected package node-promise-inflight.
#6 167.3 Preparing to unpack .../367-node-promise-inflight_1.0.1+~1.0.0-1_all.deb ...
#6 167.4 Unpacking node-promise-inflight (1.0.1+~1.0.0-1) ...
#6 167.5 Selecting previously unselected package node-ssri.
#6 167.5 Preparing to unpack .../368-node-ssri_9.0.1-2_all.deb ...
#6 167.6 Unpacking node-ssri (9.0.1-2) ...
#6 167.7 Selecting previously unselected package node-unique-filename.
#6 167.7 Preparing to unpack .../369-node-unique-filename_1.1.1+ds-2_all.deb ...
#6 167.8 Unpacking node-unique-filename (1.1.1+ds-2) ...
#6 168.0 Selecting previously unselected package node-cacache.
#6 168.0 Preparing to unpack .../370-node-cacache_17.0.3+~cs10.3.7-1_all.deb ...
#6 168.0 Unpacking node-cacache (17.0.3+~cs10.3.7-1) ...
#6 168.2 Selecting previously unselected package node-is-binary-path.
#6 168.2 Preparing to unpack .../371-node-is-binary-path_2.1.0-5_all.deb ...
#6 168.2 Unpacking node-is-binary-path (2.1.0-5) ...
#6 168.4 Selecting previously unselected package node-path-is-absolute.
#6 168.4 Preparing to unpack .../372-node-path-is-absolute_2.0.0-2_all.deb ...
#6 168.4 Unpacking node-path-is-absolute (2.0.0-2) ...
#6 168.5 Selecting previously unselected package node-set-immediate-shim.
#6 168.5 Preparing to unpack .../373-node-set-immediate-shim_2.0.0-2_all.deb ...
#6 168.6 Unpacking node-set-immediate-shim (2.0.0-2) ...
#6 168.7 Selecting previously unselected package node-readdirp.
#6 168.7 Preparing to unpack .../374-node-readdirp_3.6.0-1_all.deb ...
#6 168.8 Unpacking node-readdirp (3.6.0-1) ...
#6 168.9 Selecting previously unselected package node-chokidar.
#6 168.9 Preparing to unpack .../375-node-chokidar_3.6.0-2_all.deb ...
#6 169.0 Unpacking node-chokidar (3.6.0-2) ...
#6 169.1 Selecting previously unselected package node-tslib.
#6 169.1 Preparing to unpack .../376-node-tslib_2.4.1-1_all.deb ...
#6 169.1 Unpacking node-tslib (2.4.1-1) ...
#6 169.3 Selecting previously unselected package node-chrome-trace-event.
#6 169.3 Preparing to unpack .../377-node-chrome-trace-event_1.0.3-2_all.deb ...
#6 169.3 Unpacking node-chrome-trace-event (1.0.3-2) ...
#6 169.5 Selecting previously unselected package node-ci-info.
#6 169.5 Preparing to unpack .../378-node-ci-info_4.0.0+~cs1.1.0-1build2_all.deb ...
#6 169.5 Unpacking node-ci-info (4.0.0+~cs1.1.0-1build2) ...
#6 169.6 Selecting previously unselected package node-colors.
#6 169.6 Preparing to unpack .../379-node-colors_1.4.0-4_all.deb ...
#6 169.7 Unpacking node-colors (1.4.0-4) ...
#6 169.8 Selecting previously unselected package node-columnify.
#6 169.9 Preparing to unpack .../380-node-columnify_1.6.0+~1.5.1-1_all.deb ...
#6 169.9 Unpacking node-columnify (1.6.0+~1.5.1-1) ...
#6 170.0 Selecting previously unselected package node-console-control-strings.
#6 170.0 Preparing to unpack .../381-node-console-control-strings_1.1.0-3_all.deb ...
#6 170.0 Unpacking node-console-control-strings (1.1.0-3) ...
#6 170.2 Selecting previously unselected package node-css-selector-tokenizer.
#6 170.2 Preparing to unpack .../382-node-css-selector-tokenizer_0.8.0+~cs4.8.3-1_all.deb ...
#6 170.2 Unpacking node-css-selector-tokenizer (0.8.0+~cs4.8.3-1) ...
#6 170.3 Selecting previously unselected package node-postcss.
#6 170.4 Preparing to unpack .../383-node-postcss_8.4.31+~cs8.0.26-1_all.deb ...
#6 170.4 Unpacking node-postcss (8.4.31+~cs8.0.26-1) ...
#6 170.6 Selecting previously unselected package node-icss-utils.
#6 170.6 Preparing to unpack .../384-node-icss-utils_5.1.0+~5.1.0-1_all.deb ...
#6 170.6 Unpacking node-icss-utils (5.1.0+~5.1.0-1) ...
#6 170.7 Selecting previously unselected package node-postcss-modules-extract-imports.
#6 170.7 Preparing to unpack .../385-node-postcss-modules-extract-imports_3.0.0-2_all.deb ...
#6 170.8 Unpacking node-postcss-modules-extract-imports (3.0.0-2) ...
#6 170.9 Selecting previously unselected package node-postcss-modules-values.
#6 170.9 Preparing to unpack .../386-node-postcss-modules-values_4.0.0+~4.0.0-1_all.deb ...
#6 171.0 Unpacking node-postcss-modules-values (4.0.0+~4.0.0-1) ...
#6 171.1 Selecting previously unselected package node-postcss-value-parser.
#6 171.1 Preparing to unpack .../387-node-postcss-value-parser_4.2.0-1_all.deb ...
#6 171.1 Unpacking node-postcss-value-parser (4.2.0-1) ...
#6 171.3 Selecting previously unselected package node-prr.
#6 171.3 Preparing to unpack .../388-node-prr_1.0.1-3_all.deb ...
#6 171.3 Unpacking node-prr (1.0.1-3) ...
#6 171.4 Selecting previously unselected package node-errno.
#6 171.5 Preparing to unpack .../389-node-errno_1.0.0-3_all.deb ...
#6 171.5 Unpacking node-errno (1.0.0-3) ...
#6 171.6 Selecting previously unselected package node-memory-fs.
#6 171.6 Preparing to unpack .../390-node-memory-fs_0.5.0+~0.3.3-2_all.deb ...
#6 171.6 Unpacking node-memory-fs (0.5.0+~0.3.3-2) ...
#6 171.8 Selecting previously unselected package node-tapable.
#6 171.8 Preparing to unpack .../391-node-tapable_2.2.1-3_all.deb ...
#6 171.8 Unpacking node-tapable (2.2.1-3) ...
#6 171.9 Selecting previously unselected package node-enhanced-resolve.
#6 172.0 Preparing to unpack .../392-node-enhanced-resolve_5.15.0-1_all.deb ...
#6 172.0 Unpacking node-enhanced-resolve (5.15.0-1) ...
#6 172.1 Selecting previously unselected package node-es-module-lexer.
#6 172.1 Preparing to unpack .../393-node-es-module-lexer_1.1.0+dfsg-3_all.deb ...
#6 172.2 Unpacking node-es-module-lexer (1.1.0+dfsg-3) ...
#6 172.3 Selecting previously unselected package node-events.
#6 172.3 Preparing to unpack .../394-node-events_3.3.0+~3.0.0-3_all.deb ...
#6 172.3 Unpacking node-events (3.3.0+~3.0.0-3) ...
#6 172.5 Selecting previously unselected package node-resolve-cwd.
#6 172.5 Preparing to unpack .../395-node-resolve-cwd_3.0.0-2_all.deb ...
#6 172.5 Unpacking node-resolve-cwd (3.0.0-2) ...
#6 172.7 Selecting previously unselected package node-jest-debbundle.
#6 172.7 Preparing to unpack .../396-node-jest-debbundle_29.6.2~ds1+~cs73.45.28-5_all.deb ...
#6 172.7 Unpacking node-jest-debbundle (29.6.2~ds1+~cs73.45.28-5) ...
#6 172.9 Selecting previously unselected package node-interpret.
#6 172.9 Preparing to unpack .../397-node-interpret_2.2.0-3_all.deb ...
#6 172.9 Unpacking node-interpret (2.2.0-3) ...
#6 173.1 Selecting previously unselected package node-merge-stream.
#6 173.1 Preparing to unpack .../398-node-merge-stream_2.0.0+~1.1.2-2_all.deb ...
#6 173.1 Unpacking node-merge-stream (2.0.0+~1.1.2-2) ...
#6 173.2 Selecting previously unselected package node-jest-worker.
#6 173.3 Preparing to unpack .../399-node-jest-worker_29.6.2~ds1+~cs73.45.28-5_all.deb ...
#6 173.3 Unpacking node-jest-worker (29.6.2~ds1+~cs73.45.28-5) ...
#6 173.4 Selecting previously unselected package node-loader-runner.
#6 173.4 Preparing to unpack .../400-node-loader-runner_4.3.0-1_all.deb ...
#6 173.5 Unpacking node-loader-runner (4.3.0-1) ...
#6 173.7 Selecting previously unselected package node-mime.
#6 173.7 Preparing to unpack .../401-node-mime_3.0.0+dfsg+~cs6.97.2-1_all.deb ...
#6 173.7 Unpacking node-mime (3.0.0+dfsg+~cs6.97.2-1) ...
#6 173.9 Selecting previously unselected package node-mime-types.
#6 173.9 Preparing to unpack .../402-node-mime-types_2.1.35-2_all.deb ...
#6 173.9 Unpacking node-mime-types (2.1.35-2) ...
#6 174.0 Selecting previously unselected package node-rechoir.
#6 174.0 Preparing to unpack .../403-node-rechoir_0.8.0+~0.6.1-2_all.deb ...
#6 174.1 Unpacking node-rechoir (0.8.0+~0.6.1-2) ...
#6 174.2 Selecting previously unselected package node-schema-utils.
#6 174.2 Preparing to unpack .../404-node-schema-utils_4.2.0~ds-3build3_all.deb ...
#6 174.2 Unpacking node-schema-utils (4.2.0~ds-3build3) ...
#6 174.4 Selecting previously unselected package node-randombytes.
#6 174.4 Preparing to unpack .../405-node-randombytes_2.1.0+~2.0.0-2_all.deb ...
#6 174.4 Unpacking node-randombytes (2.1.0+~2.0.0-2) ...
#6 174.6 Selecting previously unselected package node-serialize-javascript.
#6 174.6 Preparing to unpack .../406-node-serialize-javascript_6.0.1-1_all.deb ...
#6 174.6 Unpacking node-serialize-javascript (6.0.1-1) ...
#6 174.8 Selecting previously unselected package node-watchpack.
#6 174.8 Preparing to unpack .../407-node-watchpack_2.4.0+~cs2.8.1-1_all.deb ...
#6 174.8 Unpacking node-watchpack (2.4.0+~cs2.8.1-1) ...
#6 175.0 Selecting previously unselected package node-webassemblyjs.
#6 175.0 Preparing to unpack .../408-node-webassemblyjs_1.11.4+dfsg+~cs10.11.17-2_all.deb ...
#6 175.0 Unpacking node-webassemblyjs (1.11.4+dfsg+~cs10.11.17-2) ...
#6 175.3 Selecting previously unselected package node-source-list-map.
#6 175.3 Preparing to unpack .../409-node-source-list-map_2.0.1+dfsg+~0.1.2-1_all.deb ...
#6 175.3 Unpacking node-source-list-map (2.0.1+dfsg+~0.1.2-1) ...
#6 175.5 Selecting previously unselected package node-webpack-sources.
#6 175.5 Preparing to unpack .../410-node-webpack-sources_3.2.3+~3.2.0-2_all.deb ...
#6 175.5 Unpacking node-webpack-sources (3.2.3+~3.2.0-2) ...
#6 175.7 Selecting previously unselected package node-terser.
#6 175.7 Preparing to unpack .../411-node-terser_5.19.2-1_all.deb ...
#6 175.7 Unpacking node-terser (5.19.2-1) ...
#6 175.9 Selecting previously unselected package terser.
#6 175.9 Preparing to unpack .../412-terser_5.19.2-1_all.deb ...
#6 175.9 Unpacking terser (5.19.2-1) ...
#6 176.0 Selecting previously unselected package webpack.
#6 176.0 Preparing to unpack .../413-webpack_5.76.1+dfsg1+~cs17.16.16-1_all.deb ...
#6 176.1 Unpacking webpack (5.76.1+dfsg1+~cs17.16.16-1) ...
#6 176.5 Selecting previously unselected package node-css-loader.
#6 176.5 Preparing to unpack .../414-node-css-loader_6.8.1+~cs14.0.17-1_all.deb ...
#6 176.5 Unpacking node-css-loader (6.8.1+~cs14.0.17-1) ...
#6 176.7 Selecting previously unselected package node-data-uri-to-buffer.
#6 176.7 Preparing to unpack .../415-node-data-uri-to-buffer_5.0.1~0~2023071921-5_all.deb ...
#6 176.7 Unpacking node-data-uri-to-buffer (5.0.1~0~2023071921-5) ...
#6 176.9 Selecting previously unselected package node-mimic-response.
#6 176.9 Preparing to unpack .../416-node-mimic-response_3.1.0-8_all.deb ...
#6 176.9 Unpacking node-mimic-response (3.1.0-8) ...
#6 177.1 Selecting previously unselected package node-decompress-response.
#6 177.1 Preparing to unpack .../417-node-decompress-response_6.0.0-2_all.deb ...
#6 177.1 Unpacking node-decompress-response (6.0.0-2) ...
#6 177.2 Selecting previously unselected package node-diff.
#6 177.2 Preparing to unpack .../418-node-diff_5.0.0~dfsg+~5.0.1-4_all.deb ...
#6 177.3 Unpacking node-diff (5.0.0~dfsg+~5.0.1-4) ...
#6 177.5 Selecting previously unselected package node-err-code.
#6 177.5 Preparing to unpack .../419-node-err-code_2.0.3+dfsg-3_all.deb ...
#6 177.5 Unpacking node-err-code (2.0.3+dfsg-3) ...
#6 177.7 Selecting previously unselected package node-time-stamp.
#6 177.7 Preparing to unpack .../420-node-time-stamp_2.2.0-2_all.deb ...
#6 177.7 Unpacking node-time-stamp (2.2.0-2) ...
#6 177.8 Selecting previously unselected package node-fancy-log.
#6 177.8 Preparing to unpack .../421-node-fancy-log_1.3.3+~cs1.3.1-2_all.deb ...
#6 177.8 Unpacking node-fancy-log (1.3.3+~cs1.3.1-2) ...
#6 177.9 Selecting previously unselected package node-fetch.
#6 178.0 Preparing to unpack .../422-node-fetch_3.3.2+~cs11.4.11-1_all.deb ...
#6 178.0 Unpacking node-fetch (3.3.2+~cs11.4.11-1) ...
#6 178.1 Selecting previously unselected package node-has-unicode.
#6 178.1 Preparing to unpack .../423-node-has-unicode_2.0.1-5_all.deb ...
#6 178.2 Unpacking node-has-unicode (2.0.1-5) ...
#6 178.3 Selecting previously unselected package node-wide-align.
#6 178.3 Preparing to unpack .../424-node-wide-align_1.1.3-4_all.deb ...
#6 178.3 Unpacking node-wide-align (1.1.3-4) ...
#6 178.4 Selecting previously unselected package node-gauge.
#6 178.5 Preparing to unpack .../425-node-gauge_4.0.4-2_all.deb ...
#6 178.5 Unpacking node-gauge (4.0.4-2) ...
#6 178.6 Selecting previously unselected package node-end-of-stream.
#6 178.6 Preparing to unpack .../426-node-end-of-stream_1.4.4+~1.4.1-1_all.deb ...
#6 178.6 Unpacking node-end-of-stream (1.4.4+~1.4.1-1) ...
#6 178.8 Selecting previously unselected package node-pump.
#6 178.8 Preparing to unpack .../427-node-pump_3.0.0-5_all.deb ...
#6 178.8 Unpacking node-pump (3.0.0-5) ...
#6 179.0 Selecting previously unselected package node-get-stream.
#6 179.0 Preparing to unpack .../428-node-get-stream_6.0.1-1_all.deb ...
#6 179.0 Unpacking node-get-stream (6.0.1-1) ...
#6 179.1 Selecting previously unselected package node-lowercase-keys.
#6 179.2 Preparing to unpack .../429-node-lowercase-keys_2.0.0-2_all.deb ...
#6 179.2 Unpacking node-lowercase-keys (2.0.0-2) ...
#6 179.3 Selecting previously unselected package node-json-buffer.
#6 179.3 Preparing to unpack .../430-node-json-buffer_3.0.1+~3.0.0-1_all.deb ...
#6 179.3 Unpacking node-json-buffer (3.0.1+~3.0.0-1) ...
#6 179.4 Selecting previously unselected package node-p-cancelable.
#6 179.4 Preparing to unpack .../431-node-p-cancelable_2.1.1-1_all.deb ...
#6 179.4 Unpacking node-p-cancelable (2.1.1-1) ...
#6 179.6 Selecting previously unselected package node-got.
#6 179.6 Preparing to unpack .../432-node-got_11.8.5+~cs58.13.36-3_all.deb ...
#6 179.6 Unpacking node-got (11.8.5+~cs58.13.36-3) ...
#6 179.7 Selecting previously unselected package node-http-proxy-agent.
#6 179.7 Preparing to unpack .../433-node-http-proxy-agent_7.0.0~0~2023071921-5_all.deb ...
#6 179.7 Unpacking node-http-proxy-agent (7.0.0~0~2023071921-5) ...
#6 179.8 Selecting previously unselected package node-https-proxy-agent.
#6 179.8 Preparing to unpack .../434-node-https-proxy-agent_7.0.1~0~2023071921-5_all.deb ...
#6 179.9 Unpacking node-https-proxy-agent (7.0.1~0~2023071921-5) ...
#6 180.0 Selecting previously unselected package node-ieee754.
#6 180.0 Preparing to unpack .../435-node-ieee754_1.2.1-3_all.deb ...
#6 180.0 Unpacking node-ieee754 (1.2.1-3) ...
#6 180.1 Selecting previously unselected package node-ip.
#6 180.1 Preparing to unpack .../436-node-ip_2.0.0+~1.1.0-1ubuntu1_all.deb ...
#6 180.1 Unpacking node-ip (2.0.0+~1.1.0-1ubuntu1) ...
#6 180.2 Selecting previously unselected package node-ip-regex.
#6 180.2 Preparing to unpack .../437-node-ip-regex_4.3.0+~4.1.1-1_all.deb ...
#6 180.2 Unpacking node-ip-regex (4.3.0+~4.1.1-1) ...
#6 180.3 Selecting previously unselected package node-read-package-json.
#6 180.3 Preparing to unpack .../438-node-read-package-json_5.0.2+~2.0.0-1_all.deb ...
#6 180.3 Unpacking node-read-package-json (5.0.2+~2.0.0-1) ...
#6 180.4 Selecting previously unselected package node-npm-bundled.
#6 180.4 Preparing to unpack .../439-node-npm-bundled_2.0.1-2_all.deb ...
#6 180.4 Unpacking node-npm-bundled (2.0.1-2) ...
#6 180.5 Selecting previously unselected package node-osenv.
#6 180.5 Preparing to unpack .../440-node-osenv_0.1.5+~0.1.1-1_all.deb ...
#6 180.5 Unpacking node-osenv (0.1.5+~0.1.1-1) ...
#6 180.6 Selecting previously unselected package node-validate-npm-package-name.
#6 180.6 Preparing to unpack .../441-node-validate-npm-package-name_5.0.0+~4.0.0-1_all.deb ...
#6 180.6 Unpacking node-validate-npm-package-name (5.0.0+~4.0.0-1) ...
#6 180.8 Selecting previously unselected package node-npm-package-arg.
#6 180.8 Preparing to unpack .../442-node-npm-package-arg_10.0.0+~3.0.0-2_all.deb ...
#6 180.8 Unpacking node-npm-package-arg (10.0.0+~3.0.0-2) ...
#6 180.9 Selecting previously unselected package node-retry.
#6 180.9 Preparing to unpack .../443-node-retry_0.13.1+~0.12.1-1_all.deb ...
#6 180.9 Unpacking node-retry (0.13.1+~0.12.1-1) ...
#6 181.0 Selecting previously unselected package node-promise-retry.
#6 181.0 Preparing to unpack .../444-node-promise-retry_2.0.1-4_all.deb ...
#6 181.0 Unpacking node-promise-retry (2.0.1-4) ...
#6 181.1 Selecting previously unselected package node-mute-stream.
#6 181.1 Preparing to unpack .../445-node-mute-stream_0.0.8+~0.0.1-3_all.deb ...
#6 181.1 Unpacking node-mute-stream (0.0.8+~0.0.1-3) ...
#6 181.2 Selecting previously unselected package node-read.
#6 181.2 Preparing to unpack .../446-node-read_1.0.7-5_all.deb ...
#6 181.2 Unpacking node-read (1.0.7-5) ...
#6 181.3 Selecting previously unselected package node-promzard.
#6 181.3 Preparing to unpack .../447-node-promzard_0.3.0-2_all.deb ...
#6 181.3 Unpacking node-promzard (0.3.0-2) ...
#6 181.4 Selecting previously unselected package node-set-blocking.
#6 181.4 Preparing to unpack .../448-node-set-blocking_2.0.0-2_all.deb ...
#6 181.5 Unpacking node-set-blocking (2.0.0-2) ...
#6 181.5 Selecting previously unselected package node-text-table.
#6 181.5 Preparing to unpack .../449-node-text-table_0.2.0-4_all.deb ...
#6 181.6 Unpacking node-text-table (0.2.0-4) ...
#6 181.6 Selecting previously unselected package python3-pip-whl.
#6 181.6 Preparing to unpack .../450-python3-pip-whl_24.0+dfsg-1ubuntu1.3_all.deb ...
#6 181.7 Unpacking python3-pip-whl (24.0+dfsg-1ubuntu1.3) ...
#6 181.8 Selecting previously unselected package python3-setuptools-whl.
#6 181.8 Preparing to unpack .../451-python3-setuptools-whl_68.1.2-2ubuntu1.2_all.deb ...
#6 181.8 Unpacking python3-setuptools-whl (68.1.2-2ubuntu1.2) ...
#6 181.9 Selecting previously unselected package python3.12-venv.
#6 181.9 Preparing to unpack .../452-python3.12-venv_3.12.3-1ubuntu0.15_amd64.deb ...
#6 181.9 Unpacking python3.12-venv (3.12.3-1ubuntu0.15) ...
#6 182.0 Selecting previously unselected package python3-venv.
#6 182.0 Preparing to unpack .../453-python3-venv_3.12.3-0ubuntu2.1_amd64.deb ...
#6 182.0 Unpacking python3-venv (3.12.3-0ubuntu2.1) ...
#6 182.1 Selecting previously unselected package python3-argcomplete.
#6 182.1 Preparing to unpack .../454-python3-argcomplete_3.1.4-1ubuntu0.1_all.deb ...
#6 182.1 Unpacking python3-argcomplete (3.1.4-1ubuntu0.1) ...
#6 182.2 Selecting previously unselected package python3-packaging.
#6 182.2 Preparing to unpack .../455-python3-packaging_24.0-1_all.deb ...
#6 182.3 Unpacking python3-packaging (24.0-1) ...
#6 182.4 Selecting previously unselected package python3-platformdirs.
#6 182.4 Preparing to unpack .../456-python3-platformdirs_4.2.0-1_all.deb ...
#6 182.4 Unpacking python3-platformdirs (4.2.0-1) ...
#6 182.5 Selecting previously unselected package python3-colorama.
#6 182.5 Preparing to unpack .../457-python3-colorama_0.4.6-4_all.deb ...
#6 182.5 Unpacking python3-colorama (0.4.6-4) ...
#6 182.6 Selecting previously unselected package python3-click.
#6 182.6 Preparing to unpack .../458-python3-click_8.1.6-2_all.deb ...
#6 182.6 Unpacking python3-click (8.1.6-2) ...
#6 182.7 Selecting previously unselected package python3-userpath.
#6 182.7 Preparing to unpack .../459-python3-userpath_1.9.1-1_all.deb ...
#6 182.7 Unpacking python3-userpath (1.9.1-1) ...
#6 182.8 Selecting previously unselected package pipx.
#6 182.9 Preparing to unpack .../460-pipx_1.4.3-1_all.deb ...
#6 182.9 Unpacking pipx (1.4.3-1) ...
#6 183.0 Selecting previously unselected package pkgconf-bin.
#6 183.0 Preparing to unpack .../461-pkgconf-bin_1.8.1-2build1_amd64.deb ...
#6 183.0 Unpacking pkgconf-bin (1.8.1-2build1) ...
#6 183.1 Selecting previously unselected package pkgconf:amd64.
#6 183.1 Preparing to unpack .../462-pkgconf_1.8.1-2build1_amd64.deb ...
#6 183.1 Unpacking pkgconf:amd64 (1.8.1-2build1) ...
#6 183.2 Selecting previously unselected package pkg-config:amd64.
#6 183.2 Preparing to unpack .../463-pkg-config_1.8.1-2build1_amd64.deb ...
#6 183.3 Unpacking pkg-config:amd64 (1.8.1-2build1) ...
#6 183.4 Selecting previously unselected package python3-setuptools.
#6 183.4 Preparing to unpack .../464-python3-setuptools_68.1.2-2ubuntu1.2_all.deb ...
#6 183.4 Unpacking python3-setuptools (68.1.2-2ubuntu1.2) ...
#6 183.5 Selecting previously unselected package python3-wheel.
#6 183.5 Preparing to unpack .../465-python3-wheel_0.42.0-2_all.deb ...
#6 183.5 Unpacking python3-wheel (0.42.0-2) ...
#6 183.6 Selecting previously unselected package python3-pip.
#6 183.6 Preparing to unpack .../466-python3-pip_24.0+dfsg-1ubuntu1.3_all.deb ...
#6 183.7 Unpacking python3-pip (24.0+dfsg-1ubuntu1.3) ...
#6 183.9 Selecting previously unselected package unzip.
#6 183.9 Preparing to unpack .../467-unzip_6.0-28ubuntu4.1_amd64.deb ...
#6 183.9 Unpacking unzip (6.0-28ubuntu4.1) ...
#6 184.0 Selecting previously unselected package node-cli-table.
#6 184.0 Preparing to unpack .../468-node-cli-table_0.3.11+~cs0.13.4-3_all.deb ...
#6 184.1 Unpacking node-cli-table (0.3.11+~cs0.13.4-3) ...
#6 184.2 Selecting previously unselected package node-depd.
#6 184.2 Preparing to unpack .../469-node-depd_2.0.0-2_all.deb ...
#6 184.2 Unpacking node-depd (2.0.0-2) ...
#6 184.2 Selecting previously unselected package node-npmlog.
#6 184.2 Preparing to unpack .../470-node-npmlog_7.0.1+~4.1.4-1_all.deb ...
#6 184.3 Unpacking node-npmlog (7.0.1+~4.1.4-1) ...
#6 184.3 Selecting previously unselected package node-tar.
#6 184.4 Preparing to unpack .../471-node-tar_6.1.13+~cs7.0.5-3_all.deb ...
#6 184.4 Unpacking node-tar (6.1.13+~cs7.0.5-3) ...
#6 184.5 Selecting previously unselected package node-gyp.
#6 184.5 Preparing to unpack .../472-node-gyp_9.3.0-3_all.deb ...
#6 184.5 Unpacking node-gyp (9.3.0-3) ...
#6 184.6 Selecting previously unselected package node-ini.
#6 184.6 Preparing to unpack .../473-node-ini_3.0.1-2_all.deb ...
#6 184.6 Unpacking node-ini (3.0.1-2) ...
#6 184.7 Selecting previously unselected package node-negotiator.
#6 184.7 Preparing to unpack .../474-node-negotiator_0.6.3+~0.6.1-1_all.deb ...
#6 184.7 Unpacking node-negotiator (0.6.3+~0.6.1-1) ...
#6 184.8 Selecting previously unselected package npm.
#6 184.8 Preparing to unpack .../475-npm_9.2.0~ds1-2_all.deb ...
#6 184.8 Unpacking npm (9.2.0~ds1-2) ...
#6 185.0 Setting up media-types (10.1.0) ...
#6 185.1 Setting up node-colors (1.4.0-4) ...
#6 185.1 Setting up node-fs.realpath (1.0.0-3) ...
#6 185.2 Setting up node-ampproject-remapping (2.2.0+~cs5.15.37-1) ...
#6 185.2 Setting up node-diff (5.0.0~dfsg+~5.0.1-4) ...
#6 185.3 Setting up python3-setuptools-whl (68.1.2-2ubuntu1.2) ...
#6 185.3 Setting up libkeyutils1:amd64 (1.6.3-3build1) ...
#6 185.4 Setting up lto-disabled-list (47) ...
#6 185.4 Setting up node-abbrev (1.1.1+~1.1.2-1) ...
#6 185.5 Setting up node-path-is-inside (1.0.2+~1.0.0-1) ...
#6 185.5 Setting up libjs-sprintf-js (1.1.2+ds1+~1.1.2-1) ...
#6 185.6 Setting up node-pify (5.0.0+~cs5.0.1-1) ...
#6 185.6 Setting up node-p-limit (4.0.0+~cs4.0.0-5) ...
#6 185.6 Setting up node-yallist (4.0.0+~4.0.1-1) ...
#6 185.7 Setting up libjs-inherits (2.0.4-6) ...
#6 185.7 Setting up libgdbm6t64:amd64 (1.23-5.1build1) ...
#6 185.8 Setting up node-p-cancelable (2.1.1-1) ...
#6 185.8 Setting up node-is-windows (1.0.2+~cs1.0.0-1) ...
#6 185.9 Setting up node-ansi-regex (5.0.1-1) ...
#6 185.9 Setting up node-loader-runner (4.3.0-1) ...
#6 186.0 Setting up node-object-inspect (1.12.2+~cs1.8.1-1) ...
#6 186.0 Setting up node-slash (4.0.0-3) ...
#6 186.1 Setting up libgdbm-compat4t64:amd64 (1.23-5.1build1) ...
#6 186.1 Setting up node-util-deprecate (1.0.2-3) ...
#6 186.1 Setting up node-ieee754 (1.2.1-3) ...
#6 186.2 Setting up node-fs-readdir-recursive (1.1.0+~1.1.0-1) ...
#6 186.2 Setting up node-v8flags (3.2.0+~3.1.1-1) ...
#6 186.3 Setting up node-retry (0.13.1+~0.12.1-1) ...
#6 186.3 Setting up node-get-caller-file (2.0.5+~cs1.1.1-4) ...
#6 186.4 Setting up node-arrify (2.0.1-3) ...
#6 186.4 Setting up libyaml-0-2:amd64 (0.2.5-1build1) ...
#6 186.5 Setting up node-eslint-visitor-keys (3.3.0+~1.0.0-1) ...
#6 186.5 Setting up node-caniuse-lite (1.0.30001571+dfsg+~1.0.5-1) ...
#6 186.5 Setting up node-isobject (4.0.0-2) ...
#6 186.6 Setting up node-delegates (1.0.0-3) ...
#6 186.6 Setting up node-depd (2.0.0-2) ...
#6 186.7 Setting up node-isexe (2.0.0+~2.0.1-5) ...
#6 186.7 Setting up unzip (6.0-28ubuntu4.1) ...
#6 186.8 Setting up libbrotli1:amd64 (1.1.0-2build2) ...
#6 186.8 Setting up node-resolve (1.22.8+~cs5.34.15-2) ...
#6 186.9 Setting up node-jsonparse (1.3.1-10) ...
#6 186.9 Setting up libsqlite3-0:amd64 (3.45.1-1ubuntu2.7) ...
#6 187.0 Setting up node-core-js-pure (3.33.2-1build2) ...
#6 187.0 Setting up node-es-module-lexer (1.1.0+dfsg-3) ...
#6 187.1 Setting up cron (3.0pl1-184ubuntu2) ...
#6 187.2 invoke-rc.d: could not determine current runlevel
#6 187.2 invoke-rc.d: policy-rc.d denied execution of start.
#6 187.3 Created symlink /etc/systemd/system/multi-user.target.wants/cron.service → /usr/lib/systemd/system/cron.service.
#6 187.4 Setting up node-path-exists (5.0.0-8) ...
#6 187.4 Setting up libuv1t64:amd64 (1.48.0-1.1build1) ...
#6 187.5 Setting up node-unicode-match-property-value-ecmascript (2.1.0+ds-1) ...
#6 187.5 Setting up node-escape-string-regexp (4.0.0-2) ...
#6 187.6 Setting up node-through (2.3.8+~cs0.0.30-1) ...
#6 187.6 Setting up binutils-common:amd64 (2.42-4ubuntu2.10) ...
#6 187.7 Setting up libjs-source-map (0.7.0++dfsg2+really.0.6.1-15) ...
#6 187.7 Setting up node-p-locate (6.0.0-12) ...
#6 187.8 Setting up node-negotiator (0.6.3+~0.6.1-1) ...
#6 187.8 Setting up node-tslib (2.4.1-1) ...
#6 187.9 Setting up libpsl5t64:amd64 (0.21.2-1.1build1) ...
#6 188.0 Setting up libnghttp2-14:amd64 (1.59.0-1ubuntu0.4) ...
#6 188.0 Setting up node-strip-bom (4.0.0-2) ...
#6 188.1 Setting up linux-libc-dev:amd64 (6.8.0-137.137) ...
#6 188.1 Setting up libctf-nobfd0:amd64 (2.42-4ubuntu2.10) ...
#6 188.1 Setting up node-ci-info (4.0.0+~cs1.1.0-1build2) ...
#6 188.2 Setting up node-color-name (1.1.4+~1.1.1-2) ...
#6 188.2 Setting up node-chrome-trace-event (1.0.3-2) ...
#6 188.3 Setting up node-json-buffer (3.0.1+~3.0.0-1) ...
#6 188.3 Setting up node-electron-to-chromium (1.4.616-1) ...
#6 188.4 Setting up node-cjs-module-lexer (1.2.3+dfsg-1) ...
#6 188.4 Setting up node-console-control-strings (1.1.0-3) ...
#6 188.5 Setting up node-source-list-map (2.0.1+dfsg+~0.1.2-1) ...
#6 188.5 Setting up node-camelcase (7.0.0-3) ...
#6 188.5 Setting up node-resumer (0.0.0-6) ...
#6 188.6 Setting up node-uuid (8.3.2+~8.3.3-4) ...
#6 188.6 Setting up libgomp1:amd64 (14.2.0-4ubuntu2~24.04.1) ...
#6 188.7 Setting up bzip2 (1.0.8-5.1build0.1) ...
#6 188.7 Setting up node-terser (5.19.2-1) ...
#6 188.8 Setting up node-path-type (4.0.0-3) ...
#6 188.8 Setting up node-indent-string (4.0.0-2) ...
#6 188.9 Setting up libsframe1:amd64 (2.42-4ubuntu2.10) ...
#6 188.9 Setting up node-typedarray (0.0.7-1) ...
#6 188.9 Setting up libjansson4:amd64 (2.14-2build2) ...
#6 189.0 Setting up node-function-bind (1.1.2+~cs2.1.14-1) ...
#6 189.0 Setting up node-clone (2.1.2+~2.1.2-1) ...
#6 189.1 Setting up node-p-map (4.0.0+~3.1.0+~3.0.1-1) ...
#6 189.2 Setting up node-iferr (1.0.2+~1.0.2-1) ...
#6 189.2 Setting up libkrb5support0:amd64 (1.20.1-6ubuntu2.8) ...
#6 189.3 Setting up node-chownr (2.0.0-2) ...
#6 189.3 Setting up node-has-flag (4.0.0-3) ...
#6 189.3 Setting up node-estraverse (5.3.0+ds+~5.1.1-1) ...
#6 189.4 Setting up libsasl2-modules-db:amd64 (2.1.28+dfsg1-5ubuntu3.1) ...
#6 189.4 Setting up node-regjsgen (0.7.1+ds-1) ...
#6 189.5 Setting up tzdata (2026c-0ubuntu0.24.04.1) ...
#6 189.6 
#6 189.6 Current default time zone: 'Etc/UTC'
#6 189.6 Local time is now:      Fri Aug 14 20:40:42 UTC 2026.
#6 189.6 Universal Time is now:  Fri Aug 14 20:40:42 UTC 2026.
#6 189.6 Run 'dpkg-reconfigure tzdata' if you wish to change it.
#6 189.6 
#6 189.6 Setting up node-lodash-packages (4.17.21+dfsg+~cs8.31.198.20210220-9) ...
#6 189.7 Setting up node-json-schema-traverse (1.0.0-3) ...
#6 189.7 Setting up node-inherits (2.0.4-6) ...
#6 189.8 Setting up node-path-is-absolute (2.0.0-2) ...
#6 189.8 Setting up node-locate-path (7.1.1-2) ...
#6 189.9 Setting up node-ini (3.0.1-2) ...
#6 189.9 Setting up node-postcss-value-parser (4.2.0-1) ...
#6 190.0 Setting up node-is-descriptor (3.0.0-2) ...
#6 190.0 Setting up node-safe-buffer (5.2.1+~cs2.1.2-3) ...
#6 190.0 Setting up node-promise-inflight (1.0.1+~1.0.0-1) ...
#6 190.1 Setting up libpkgconf3:amd64 (1.8.1-2build1) ...
#6 190.1 Setting up rpcsvc-proto (1.4.2-0ubuntu7) ...
#6 190.2 Setting up gcc-13-base:amd64 (13.3.0-6ubuntu2~24.04.1) ...
#6 190.2 Setting up node-rechoir (0.8.0+~0.6.1-2) ...
#6 190.3 Setting up node-json-parse-better-errors (1.0.2+~cs3.3.1-2) ...
#6 190.3 Setting up node-unicode-canonical-property-names-ecmascript (2.0.0-2) ...
#6 190.4 Setting up node-sprintf-js (1.1.2+ds1+~1.1.2-1) ...
#6 190.5 Setting up node-flatted (3.2.7~ds-1) ...
#6 190.5 Setting up node-y18n (5.0.8+~5.0.0-3) ...
#6 190.6 Setting up node-fast-deep-equal (3.1.3-3) ...
#6 190.6 Setting up node-shebang-regex (3.0.0-2) ...
#6 190.6 Setting up node-err-code (2.0.3+dfsg-3) ...
#6 190.7 Setting up node-resolve-from (5.0.0+~3.1.0+~3.3.0+~2.0.0-1) ...
#6 190.7 Setting up make (4.3-4.1build2) ...
#6 190.8 Setting up libmpfr6:amd64 (4.2.1-1build1.1) ...
#6 190.8 Setting up librtmp1:amd64 (2.4+20151223.gitfa8646d.1-2build7) ...
#6 190.9 Setting up node-balanced-match (2.0.0-1) ...
#6 190.9 Setting up node-convert-source-map (1.9.0+~1.5.2-1) ...
#6 191.0 Setting up node-brace-expansion (2.0.1+~1.1.0-1) ...
#6 191.0 Setting up libncurses6:amd64 (6.4+20240113-1ubuntu2.1) ...
#6 191.0 Setting up node-is-stream (3.0.0-4) ...
#6 191.1 Setting up node-spdx-exceptions (2.3.0-2) ...
#6 191.2 Setting up ruby-net-telnet (0.2.0-1) ...
#6 191.2 Setting up xz-utils (5.6.1+really5.4.5-1ubuntu0.3) ...
#6 191.3 update-alternatives: using /usr/bin/xz to provide /usr/bin/lzma (lzma) in auto mode
#6 191.3 update-alternatives: warning: skip creation of /usr/share/man/man1/lzma.1.gz because associated file /usr/share/man/man1/xz.1.gz (of link group lzma) doesn't exist
#6 191.3 update-alternatives: warning: skip creation of /usr/share/man/man1/unlzma.1.gz because associated file /usr/share/man/man1/unxz.1.gz (of link group lzma) doesn't exist
#6 191.3 update-alternatives: warning: skip creation of /usr/share/man/man1/lzcat.1.gz because associated file /usr/share/man/man1/xzcat.1.gz (of link group lzma) doesn't exist
#6 191.3 update-alternatives: warning: skip creation of /usr/share/man/man1/lzmore.1.gz because associated file /usr/share/man/man1/xzmore.1.gz (of link group lzma) doesn't exist
#6 191.3 update-alternatives: warning: skip creation of /usr/share/man/man1/lzless.1.gz because associated file /usr/share/man/man1/xzless.1.gz (of link group lzma) doesn't exist
#6 191.3 update-alternatives: warning: skip creation of /usr/share/man/man1/lzdiff.1.gz because associated file /usr/share/man/man1/xzdiff.1.gz (of link group lzma) doesn't exist
#6 191.3 update-alternatives: warning: skip creation of /usr/share/man/man1/lzcmp.1.gz because associated file /usr/share/man/man1/xzcmp.1.gz (of link group lzma) doesn't exist
#6 191.3 update-alternatives: warning: skip creation of /usr/share/man/man1/lzgrep.1.gz because associated file /usr/share/man/man1/xzgrep.1.gz (of link group lzma) doesn't exist
#6 191.3 update-alternatives: warning: skip creation of /usr/share/man/man1/lzegrep.1.gz because associated file /usr/share/man/man1/xzegrep.1.gz (of link group lzma) doesn't exist
#6 191.3 update-alternatives: warning: skip creation of /usr/share/man/man1/lzfgrep.1.gz because associated file /usr/share/man/man1/xzfgrep.1.gz (of link group lzma) doesn't exist
#6 191.3 Setting up perl-modules-5.38 (5.38.2-3.2ubuntu0.3) ...
#6 191.4 Setting up libquadmath0:amd64 (14.2.0-4ubuntu2~24.04.1) ...
#6 191.4 Setting up node-js-tokens (8.0.0-2) ...
#6 191.5 Setting up node-core-js (3.33.2-1build2) ...
#6 191.5 Setting up node-interpret (2.2.0-3) ...
#6 191.6 Setting up node-set-blocking (2.0.0-2) ...
#6 191.6 Setting up node-prr (1.0.1-3) ...
#6 191.7 Setting up libssl-dev:amd64 (3.0.13-0ubuntu3.12) ...
#6 191.7 Setting up libcares2:amd64 (1.27.0-1.0ubuntu1) ...
#6 191.8 Setting up libmpc3:amd64 (1.3.1-1build1.1) ...
#6 191.8 Setting up node-repeat-string (1.6.1+repack-1) ...
#6 191.9 Setting up libatomic1:amd64 (14.2.0-4ubuntu2~24.04.1) ...
#6 191.9 Setting up node-globals (13.23.0-1) ...
#6 192.0 Setting up node-deep-is (0.1.4-1) ...
#6 192.0 Setting up patch (2.7.6-7build3) ...
#6 192.1 Setting up sudo (1.9.15p5-3ubuntu5.24.04.2) ...
#6 192.2 Setting up node-signal-exit (4.1.0-6) ...
#6 192.3 Setting up node-randombytes (2.1.0+~2.0.0-2) ...
#6 192.3 Setting up pkgconf-bin (1.8.1-2build1) ...
#6 192.4 Setting up libncursesw6:amd64 (6.4+20240113-1ubuntu2.1) ...
#6 192.4 Setting up libk5crypto3:amd64 (1.20.1-6ubuntu2.8) ...
#6 192.5 Setting up node-source-map (0.7.0++dfsg2+really.0.6.1-15) ...
#6 192.5 Setting up node-wrappy (1.0.2-3) ...
#6 192.5 Setting up node-text-table (0.2.0-4) ...
#6 192.6 Setting up libsasl2-2:amd64 (2.1.28+dfsg1-5ubuntu3.1) ...
#6 192.6 Setting up node-require-directory (2.1.1+~2.1.2-1) ...
#6 192.7 Setting up node-ip (2.0.0+~1.1.0-1ubuntu1) ...
#6 192.7 Setting up node-quick-lru (6.1.1-4) ...
#6 192.8 Setting up node-regenerator-runtime (0.15.2+~0.10.8-1) ...
#6 192.8 Setting up node-punycode (2.2.3-2) ...
#6 192.9 Setting up ruby-webrick (1.8.1-1ubuntu0.2) ...
#6 192.9 Setting up libubsan1:amd64 (14.2.0-4ubuntu2~24.04.1) ...
#6 192.9 Setting up libicu74:amd64 (74.2-1ubuntu3.1) ...
#6 193.0 Setting up node-to-fast-properties (3.0.1-3) ...
#6 193.0 Setting up node-defaults (1.0.4+~1.0.3-1) ...
#6 193.1 Setting up node-mute-stream (0.0.8+~0.0.1-3) ...
#6 193.1 Setting up node-memfs (3.4.12+~cs1.0.3-1) ...
#6 193.2 Setting up node-mimic-response (3.1.0-8) ...
#6 193.2 Setting up node-commander (9.4.1-1) ...
#6 193.3 Setting up libjs-typedarray-to-buffer (4.0.0-2) ...
#6 193.3 Setting up node-graceful-fs (4.2.10-1) ...
#6 193.4 Setting up node-merge-stream (2.0.0+~1.1.2-2) ...
#6 193.4 Setting up node-is-path-cwd (2.2.0-2) ...
#6 193.5 Setting up libhwasan0:amd64 (14.2.0-4ubuntu2~24.04.1) ...
#6 193.5 Setting up libcrypt-dev:amd64 (1:4.4.36-4build1) ...
#6 193.6 Setting up node-jsonify (0.0.1-1) ...
#6 193.6 Setting up libasan8:amd64 (14.2.0-4ubuntu2~24.04.1) ...
#6 193.7 Setting up node-json-stable-stringify (1.0.2+repack1+~cs1.0.34-2) ...
#6 193.7 Setting up node-fast-levenshtein (2.0.6+ds-3) ...
#6 193.7 Setting up libjs-regenerate (1.4.2-3) ...
#6 193.8 Setting up node-aproba (2.0.0-3) ...
#6 193.8 Setting up node-unicode-property-aliases-ecmascript (2.1.0+ds-1) ...
#6 193.9 Setting up node-binary-extensions (2.2.0-2) ...
#6 193.9 Setting up node-is-plain-object (5.0.0-7) ...
#6 194.0 Setting up node-eslint-utils (3.0.0-3) ...
#6 194.0 Setting up node-path-dirname (1.0.2-2) ...
#6 194.1 Setting up node-ip-regex (4.3.0+~4.1.1-1) ...
#6 194.1 Setting up git-man (1:2.43.0-1ubuntu7.3) ...
#6 194.1 Setting up node-spdx-license-ids (3.0.12-1) ...
#6 194.2 Setting up node-string-decoder (1.3.0-6) ...
#6 194.2 Setting up node-esutils (2.0.3+~2.0.0-1) ...
#6 194.3 Setting up netbase (6.4) ...
#6 194.4 Setting up node-time-stamp (2.2.0-2) ...
#6 194.4 Setting up node-commondir (1.0.1+~1.0.0-1) ...
#6 194.5 Setting up libjs-prettify (2015.12.04+dfsg-1.1) ...
#6 194.5 Setting up libjs-events (3.3.0+~3.0.0-3) ...
#6 194.6 Setting up node-run-queue (2.0.0-3) ...
#6 194.6 Setting up libkrb5-3:amd64 (1.20.1-6ubuntu2.8) ...
#6 194.6 Setting up node-core-util-is (1.0.3-1) ...
#6 194.7 Setting up node-json-schema (0.4.0+~7.0.11-1) ...
#6 194.7 Setting up node-uri-js (4.4.0+dfsg-8) ...
#6 194.8 Setting up node-prelude-ls (1.2.1+dfsg-3) ...
#6 194.8 Setting up node-minimatch (9.0.3-4build5) ...
#6 194.9 Setting up libperl5.38t64:amd64 (5.38.2-3.2ubuntu0.3) ...
#6 194.9 Setting up libtsan2:amd64 (14.2.0-4ubuntu2~24.04.1) ...
#6 194.9 Setting up libbinutils:amd64 (2.42-4ubuntu2.10) ...
#6 195.0 Setting up libjs-async (0.8.0-6) ...
#6 195.0 Setting up node-imurmurhash (0.1.4+dfsg+~0.1.1-2) ...
#6 195.1 Setting up node-xtend (4.0.2-3) ...
#6 195.1 Setting up libisl23:amd64 (0.26-3build1.1) ...
#6 195.2 Setting up node-set-immediate-shim (2.0.0-2) ...
#6 195.2 Setting up node-foreground-child (3.1.1-2) ...
#6 195.3 Setting up libc-dev-bin (2.39-0ubuntu8.8) ...
#6 195.3 Setting up node-wordwrap (1.0.0-4) ...
#6 195.4 Setting up node-read (1.0.7-5) ...
#6 195.4 Setting up node-regexpp (3.2.0-5) ...
#6 195.4 Setting up openssl (3.0.13-0ubuntu3.12) ...
#6 195.5 Setting up libbsd0:amd64 (0.12.1-1build1.1) ...
#6 195.6 Setting up node-is-arrayish (0.3.2-3) ...
#6 195.6 Setting up node-base64-js (1.5.1+dfsg+~1.3.0-2) ...
#6 195.7 Setting up node-esquery (1.4.2~ds-1) ...
#6 195.7 Setting up node-npm-run-path (5.1.0+~4.0.0-8) ...
#6 195.7 Setting up readline-common (8.2-4build1) ...
#6 195.8 Setting up ruby-xmlrpc (0.3.2-2) ...
#6 195.9 Setting up node-is-buffer (2.0.5-2) ...
#6 195.9 Setting up node-color-convert (2.0.1+~cs2.0.0-2) ...
#6 195.9 Setting up libcc1-0:amd64 (14.2.0-4ubuntu2~24.04.1) ...
#6 196.0 Setting up libldap2:amd64 (2.6.10+dfsg-0ubuntu0.24.04.1) ...
#6 196.0 Setting up node-data-uri-to-buffer (5.0.1~0~2023071921-5) ...
#6 196.1 Setting up liblsan0:amd64 (14.2.0-4ubuntu2~24.04.1) ...
#6 196.1 Setting up node-async-each (1.0.3-3) ...
#6 196.2 Setting up libitm1:amd64 (14.2.0-4ubuntu2~24.04.1) ...
#6 196.2 Setting up node-isarray (2.0.5-4) ...
#6 196.3 Setting up node-osenv (0.1.5+~0.1.1-1) ...
#6 196.3 Setting up node-is-plain-obj (3.0.0-2) ...
#6 196.3 Setting up node-is-extglob (2.1.1-5) ...
#6 196.4 Setting up node-tapable (2.2.1-3) ...
#6 196.4 Setting up node-shebang-command (2.0.0-1) ...
#6 196.5 Setting up libjs-is-typedarray (1.0.0-4) ...
#6 196.5 Setting up node-lowercase-keys (2.0.0-2) ...
#6 196.6 Setting up node-babel-plugin-add-module-exports (1.0.4+dfsg1~cs5.8.0-4) ...
#6 196.6 Setting up node-decompress-response (6.0.0-2) ...
#6 196.6 Setting up node-process-nextick-args (2.0.1-3) ...
#6 196.7 Setting up node-has-unicode (2.0.1-5) ...
#6 196.7 Setting up node-busboy (1.6.0+~cs2.6.0-2) ...
#6 196.8 Setting up libctf0:amd64 (2.42-4ubuntu2.10) ...
#6 196.8 Setting up libuv1-dev:amd64 (1.48.0-1.1build1) ...
#6 196.9 Setting up node-readable-stream (3.6.0+~cs3.0.0-4build1) ...
#6 196.9 Setting up node-lru-cache (7.14.1-1) ...
#6 196.9 Setting up node-promise-retry (2.0.1-4) ...
#6 197.0 Setting up node-supports-color (8.1.1+~8.1.1-1) ...
#6 197.1 Setting up node-error-ex (1.3.2-4) ...
#6 197.1 Setting up node-once (1.4.1-1) ...
#6 197.2 Setting up node-webpack-sources (3.2.3+~3.2.0-2) ...
#6 197.2 Setting up node-n3 (1.16.3+~1.2.3+~1.10.4-1) ...
#6 197.3 Setting up cpp-13-x86-64-linux-gnu (13.3.0-6ubuntu2~24.04.1) ...
#6 197.3 Setting up node-serialize-javascript (6.0.1-1) ...
#6 197.4 Setting up libedit2:amd64 (3.1-20230828-1build1) ...
#6 197.4 Setting up node-are-we-there-yet (3.0.1+~1.1.0-1) ...
#6 197.4 Setting up node-find-up (6.3.0-7) ...
#6 197.5 Setting up node-kind-of (6.0.3+dfsg-2) ...
#6 197.5 Setting up node-is-binary-path (2.1.0-5) ...
#6 197.6 Setting up node-events (3.3.0+~3.0.0-3) ...
#6 197.6 Setting up node-minimist (1.2.8+~cs5.3.5-1) ...
#6 197.7 Setting up node-fancy-log (1.3.3+~cs1.3.1-2) ...
#6 197.7 Setting up pkgconf:amd64 (1.8.1-2build1) ...
#6 197.7 Setting up node-define-property (2.0.2+really+2.0.2-3) ...
#6 197.8 Setting up node-promzard (0.3.0-2) ...
#6 197.8 Setting up node-wcwidth.js (1.0.2-2) ...
#6 197.9 Setting up node-resolve-cwd (3.0.0-2) ...
#6 197.9 Setting up node-fetch (3.3.2+~cs11.4.11-1) ...
#6 198.0 Setting up ca-certificates (20260601~24.04.1) ...
#6 198.3 Updating certificates in /etc/ssl/certs...
#6 198.7 121 added, 0 removed; done.
#6 198.8 Setting up node-babel7-runtime (7.20.15+ds1+~cs214.269.168-6build1) ...
#6 198.8 Setting up node-iconv-lite (0.6.3-3) ...
#6 198.8 Setting up perl (5.38.2-3.2ubuntu0.3) ...
#6 198.9 Setting up node-type-check (0.4.0+dfsg-3) ...
#6 199.0 Setting up libgprofng0:amd64 (2.42-4ubuntu2.10) ...
#6 199.0 Setting up node-ansi-styles (6.2.1-2) ...
#6 199.1 Setting up node-pkg-dir (5.0.0-2) ...
#6 199.1 Setting up libgssapi-krb5-2:amd64 (1.20.1-6ubuntu2.8) ...
#6 199.2 Setting up node-async (0.8.0-6) ...
#6 199.2 Setting up node-optimist (0.6.1+~0.0.30-2) ...
#6 199.3 Setting up pkg-config:amd64 (1.8.1-2build1) ...
#6 199.3 Setting up node-spdx-expression-parse (3.0.1+~3.0.1-1) ...
#6 199.3 Setting up libdpkg-perl (1.22.6ubuntu6.6) ...
#6 199.4 Setting up libssh-4:amd64 (0.10.6-2ubuntu0.4) ...
#6 199.4 Setting up libreadline8t64:amd64 (8.2-4build1) ...
#6 199.5 Setting up node-concat-stream (2.0.0+~2.0.0-2) ...
#6 199.6 Setting up node-is-typedarray (1.0.0-4) ...
#6 199.6 Setting up node-undici (5.26.3+dfsg1+~cs23.10.12-2) ...
#6 199.6 Setting up libgcc-13-dev:amd64 (13.3.0-6ubuntu2~24.04.1) ...
#6 199.7 Setting up node-inflight (1.0.6-2) ...
#6 199.8 Setting up node-hosted-git-info (6.1.1-2) ...
#6 199.8 Setting up libc6-dev:amd64 (2.39-0ubuntu8.8) ...
#6 199.9 Setting up node-encoding (0.1.13-2) ...
#6 199.9 Setting up node-slice-ansi (5.0.0+~cs9.0.0-5) ...
#6 199.9 Setting up libstdc++-13-dev:amd64 (13.3.0-6ubuntu2~24.04.1) ...
#6 200.0 Setting up binutils-x86-64-linux-gnu (2.42-4ubuntu2.10) ...
#6 200.0 Setting up node-fs-write-stream-atomic (1.0.10-6) ...
#6 200.1 Setting up cpp-x86-64-linux-gnu (4:13.2.0-7ubuntu1) ...
#6 200.1 Setting up node-end-of-stream (1.4.4+~1.4.1-1) ...
#6 200.2 Setting up libpython3.12-stdlib:amd64 (3.12.3-1ubuntu0.15) ...
#6 200.2 Setting up node-pump (3.0.0-5) ...
#6 200.3 Setting up cpp-13 (13.3.0-6ubuntu2~24.04.1) ...
#6 200.3 Setting up libcurl4t64:amd64 (8.5.0-2ubuntu10.11) ...
#6 200.3 Setting up node-regenerator-transform (0.15.2+~0.10.8-1) ...
#6 200.4 Setting up python3-pip-whl (24.0+dfsg-1ubuntu1.3) ...
#6 200.4 Setting up gcc-13-x86-64-linux-gnu (13.3.0-6ubuntu2~24.04.1) ...
#6 200.5 Setting up python3.12 (3.12.3-1ubuntu0.15) ...
#6 201.3 Setting up libcurl3t64-gnutls:amd64 (8.5.0-2ubuntu10.11) ...
#6 201.3 Setting up rubygems-integration (1.18) ...
#6 201.4 Setting up binutils (2.42-4ubuntu2.10) ...
#6 201.4 Setting up dpkg-dev (1.22.6ubuntu6.6) ...
#6 201.5 Setting up liberror-perl (0.17029-2) ...
#6 201.5 Setting up node-levn (0.4.1+dfsg-2) ...
#6 201.6 Setting up node-spdx-correct (3.1.1-2) ...
#6 201.6 Setting up node-glob (8.1.0+~cs8.5.15-1) ...
#6 201.7 Setting up node-get-stream (6.0.1-1) ...
#6 201.7 Setting up gcc-13 (13.3.0-6ubuntu2~24.04.1) ...
#6 201.7 Setting up node-got (11.8.5+~cs58.13.36-3) ...
#6 201.8 Setting up git (1:2.43.0-1ubuntu7.3) ...
#6 201.9 Setting up node-typedarray-to-buffer (4.0.0-2) ...
#6 201.9 Setting up node-minipass (3.3.6+~cs9.4.19-1) ...
#6 201.9 Setting up cpp (4:13.2.0-7ubuntu1) ...
#6 202.0 Setting up curl (8.5.0-2ubuntu10.11) ...
#6 202.1 Setting up libpython3-stdlib:amd64 (3.12.3-0ubuntu2.1) ...
#6 202.1 Setting up node-validate-npm-package-license (3.0.4-2) ...
#6 202.2 Setting up node-optionator (0.9.1+dfsg+~cs1.2.3-1) ...
#6 202.2 Setting up node-ssri (9.0.1-2) ...
#6 202.2 Setting up g++-13-x86-64-linux-gnu (13.3.0-6ubuntu2~24.04.1) ...
#6 202.3 Setting up gcc-x86-64-linux-gnu (4:13.2.0-7ubuntu1) ...
#6 202.3 Setting up node-write-file-atomic (4.0.2+~4.0.0-2) ...
#6 202.4 Setting up python3.12-venv (3.12.3-1ubuntu0.15) ...
#6 202.5 Setting up python3 (3.12.3-0ubuntu2.1) ...
#6 202.6 Setting up python3-wheel (0.42.0-2) ...
#6 202.7 Setting up python3-platformdirs (4.2.0-1) ...
#6 202.9 Setting up gcc (4:13.2.0-7ubuntu1) ...
#6 203.1 Setting up python3-six (1.16.0-4) ...
#6 203.2 Setting up python3-packaging (24.0-1) ...
#6 203.4 Setting up python3-venv (3.12.3-0ubuntu2.1) ...
#6 203.4 Setting up g++-x86-64-linux-gnu (4:13.2.0-7ubuntu1) ...
#6 203.5 Setting up python3-argcomplete (3.1.4-1ubuntu0.1) ...
#6 203.7 Setting up python3-pkg-resources (68.1.2-2ubuntu1.2) ...
#6 203.9 Setting up g++-13 (13.3.0-6ubuntu2~24.04.1) ...
#6 203.9 Setting up python3-setuptools (68.1.2-2ubuntu1.2) ...
#6 204.3 Setting up python3-colorama (0.4.6-4) ...
#6 204.5 Setting up python3-click (8.1.6-2) ...
#6 204.6 Setting up python3-pip (24.0+dfsg-1ubuntu1.3) ...
#6 205.7 Setting up g++ (4:13.2.0-7ubuntu1) ...
#6 205.7 update-alternatives: using /usr/bin/g++ to provide /usr/bin/c++ (c++) in auto mode
#6 205.7 update-alternatives: warning: skip creation of /usr/share/man/man1/c++.1.gz because associated file /usr/share/man/man1/g++.1.gz (of link group c++) doesn't exist
#6 205.7 Setting up build-essential (12.10ubuntu1) ...
#6 205.8 Setting up python3-userpath (1.9.1-1) ...
#6 205.9 Setting up gyp (0.1+20220404git9ecf45e-2) ...
#6 206.2 Setting up pipx (1.4.3-1) ...
#6 206.3 Setting up rake (13.0.6-3) ...
#6 206.4 Setting up node-acorn (8.8.1+ds+~cs25.17.7-2) ...
#6 206.4 Setting up node-espree (9.4.1~dfsg-2) ...
#6 206.4 Setting up node-define-properties (1.2.1+~cs2.2.3-1) ...
#6 206.5 Setting up libruby3.2:amd64 (3.2.3-1ubuntu0.24.04.8) ...
#6 206.5 Setting up libnode109:amd64 (18.19.1+dfsg-6ubuntu5) ...
#6 206.6 Setting up nodejs (18.19.1+dfsg-6ubuntu5) ...
#6 206.6 update-alternatives: using /usr/bin/nodejs to provide /usr/bin/js (js) in auto mode
#6 206.6 update-alternatives: warning: skip creation of /usr/share/man/man1/js.1.gz because associated file /usr/share/man/man1/nodejs.1.gz (of link group js) doesn't exist
#6 206.7 Setting up node-argparse (2.0.1-2) ...
#6 206.7 Setting up terser (5.19.2-1) ...
#6 206.8 Setting up node-mime (3.0.0+dfsg+~cs6.97.2-1) ...
#6 206.8 Setting up node-source-map-support (0.5.21+ds+~0.5.4-1) ...
#6 206.8 Setting up node-unique-filename (1.1.1+ds-2) ...
#6 206.9 Setting up node-unicode-match-property-ecmascript (2.0.0-2) ...
#6 207.0 Setting up node-defined (1.0.1+~1.0.0-1) ...
#6 207.0 Setting up node-mime-types (2.1.35-2) ...
#6 207.1 Setting up node-ansi-escapes (5.0.0+really.4.3.1-1) ...
#6 207.1 Setting up node-strip-ansi (6.0.1-2) ...
#6 207.2 Setting up node-write (2.0.0~6.0.1+~3.0.4+~2.0.0+~1.0.0+~2.0.1-1) ...
#6 207.2 Setting up node-ignore (5.2.1-1) ...
#6 207.3 Setting up node-chalk (5.3.0-1build1) ...
#6 207.3 Setting up node-which (2.0.2+~cs1.3.2-3) ...
#6 207.4 Setting up node-css-selector-tokenizer (0.8.0+~cs4.8.3-1) ...
#6 207.4 Setting up node-esprima (4.0.1+ds+~4.0.3-2) ...
#6 207.5 Setting up ruby3.2 (3.2.3-1ubuntu0.24.04.8) ...
#6 207.5 Setting up node-is-path-inside (3.0.3-2) ...
#6 207.6 Setting up node-neo-async (2.6.2+~cs3.0.0-3) ...
#6 207.7 Setting up node-mkdirp (1.0.4+~1.0.2-4) ...
#6 207.7 Setting up node-es6-error (4.1.1-5) ...
#6 207.8 Setting up node-archy (1.0.0-6) ...
#6 207.8 Setting up node-js-yaml (4.1.0+dfsg+~4.0.5-7) ...
#6 207.9 Setting up node-nopt (5.0.0-4) ...
#6 207.9 Setting up node-lodash (4.17.21+dfsg+~cs8.31.198.20210220-9) ...
#6 208.0 Setting up node-progress (2.0.3-2) ...
#6 208.0 Setting up node-json5 (2.2.3+dfsg-1build1) ...
#6 208.0 Setting up node-debbundle-es-to-primitive (1.2.1+~cs9.7.25-2) ...
#6 208.1 Setting up node-ms (2.1.3+~cs0.7.31-3) ...
#6 208.1 Setting up node-rimraf (3.0.2-2) ...
#6 208.2 Setting up node-string-width (4.2.3+~cs13.2.3-1) ...
#6 208.2 Setting up node-regenerate (1.4.2-3) ...
#6 208.3 Setting up node-semver (7.5.4+~7.5.0-2) ...
#6 208.3 Setting up node-picocolors (1.0.0-4) ...
#6 208.4 Setting up node-es-abstract (1.20.4+~cs26.27.47-1) ...
#6 208.4 Setting up node-builtins (5.0.1-1) ...
#6 208.4 Setting up handlebars (3:4.7.7+~4.1.0-1) ...
#6 208.5 Setting up node-object-assign (4.1.1-7) ...
#6 208.5 Setting up node-is-glob (4.0.3-2) ...
#6 208.6 Setting up node-v8-compile-cache (2.4.0-2) ...
#6 208.6 Setting up node-flat-cache (3.0.4~6.0.1+~3.0.4+~2.0.0+~1.0.0+~2.0.1-1) ...
#6 208.7 Setting up node-is-number (7.0.0-4) ...
#6 208.7 Setting up node-babel-plugin-polyfill-corejs2 (0.3.3~0~20220913+ds1-1) ...
#6 208.8 Setting up node-for-in (1.0.2-4) ...
#6 208.8 Setting up node-webassemblyjs (1.11.4+dfsg+~cs10.11.17-2) ...
#6 208.9 Setting up libruby:amd64 (1:3.2~ubuntu1) ...
#6 208.9 Setting up node-strip-json-comments (4.0.0-4) ...
#6 208.9 Setting up libnode-dev (18.19.1+dfsg-6ubuntu5) ...
#6 209.0 Setting up node-is-extendable (1.0.1-3) ...
#6 209.0 Setting up node-columnify (1.6.0+~1.5.1-1) ...
#6 209.1 Setting up node-doctrine (3.0.0-4) ...
#6 209.1 Setting up node-copy-concurrently (1.0.5-9) ...
#6 209.2 Setting up node-ajv (8.12.0~ds+~2.1.1-4) ...
#6 209.2 Setting up node-jsesc (3.0.2+~3.0.1-1) ...
#6 209.3 Setting up node-regjsparser (0.9.1+ds-2) ...
#6 209.3 Setting up node-errno (1.0.0-3) ...
#6 209.4 Setting up node-decamelize (4.0.0-2) ...
#6 209.4 Setting up node-move-concurrently (1.0.1-5) ...
#6 209.5 Setting up node-normalize-path (3.0.0+~3.0.0-1) ...
#6 209.5 Setting up node-util (0.12.5+~1.0.10-1) ...
#6 209.6 Setting up node-functional-red-black-tree (1.0.1+20181105-7) ...
#6 209.6 Setting up node-debug (4.3.4+~cs4.1.7-1) ...
#6 209.7 Setting up node-agent-base (7.1.0~0~2023071921-5) ...
#6 209.7 Setting up node-browserslist (4.22.1+~cs6.1.28-1) ...
#6 209.8 Setting up node-yargs-parser (21.1.1+~21.0.0-4) ...
#6 209.8 Setting up node-make-dir (3.1.0-3) ...
#6 209.9 Setting up node-validate-npm-package-name (5.0.0+~4.0.0-1) ...
#6 209.9 Setting up ruby (1:3.2~ubuntu1) ...
#6 209.9 Setting up node-esrecurse (4.3.0-2) ...
#6 210.0 Setting up node-file-entry-cache (6.0.1+~3.0.4+~2.0.0+~1.0.0+~2.0.1-1) ...
#6 210.0 Setting up node-wrap-ansi (8.0.1+~8.0.1-3) ...
#6 210.1 Setting up node-normalize-package-data (4.0.1+~2.4.1-1) ...
#6 210.1 Setting up node-for-own (1.0.0-3) ...
#6 210.2 Setting up node-eslint-scope (7.1.1+~3.7.4-1) ...
#6 210.2 Setting up node-escodegen (2.1.0+dfsg+~0.0.8-1) ...
#6 210.3 Setting up node-memory-fs (0.5.0+~0.3.3-2) ...
#6 210.3 Setting up node-babel-helper-define-polyfill-provider (0.3.3~0~20220913+ds1-1) ...
#6 210.3 Setting up node-assert (2.0.0+~cs3.9.8-2) ...
#6 210.4 Setting up node-cli-table (0.3.11+~cs0.13.4-3) ...
#6 210.4 Setting up node-tar (6.1.13+~cs7.0.5-3) ...
#6 210.5 Setting up node-regenerate-unicode-properties (10.1.0+ds-1) ...
#6 210.5 Setting up node-glob-parent (6.0.2+~5.1.1-2) ...
#6 210.6 Setting up node-enhanced-resolve (5.15.0-1) ...
#6 210.6 Setting up node-postcss (8.4.31+~cs8.0.26-1) ...
#6 210.6 Setting up node-wide-align (1.1.3-4) ...
#6 210.7 Setting up node-npm-package-arg (10.0.0+~3.0.0-2) ...
#6 210.7 Setting up node-anymatch (3.1.3+~cs4.6.1-2) ...
#6 210.8 Setting up node-postcss-modules-extract-imports (3.0.0-2) ...
#6 210.8 Setting up node-https-proxy-agent (7.0.1~0~2023071921-5) ...
#6 210.9 Setting up node-cliui (7.0.4+repack+~cs3.1.0-4) ...
#6 210.9 Setting up ruby-sdbm:amd64 (1.0.0-5build4) ...
#6 211.0 Setting up node-regexpu-core (5.2.2-3) ...
#6 211.1 Setting up node-yargs (16.2.0+~16.0.4-7) ...
#6 211.1 Setting up node-to-regex-range (5.0.1-4) ...
#6 211.2 Setting up node-cacache (17.0.3+~cs10.3.7-1) ...
#6 211.2 Setting up node-ajv-keywords (5.1.0-4) ...
#6 211.3 Setting up node-read-package-json (5.0.2+~2.0.0-1) ...
#6 211.3 Setting up node-core-js-compat (3.33.2-1build2) ...
#6 211.3 Setting up node-http-proxy-agent (7.0.0~0~2023071921-5) ...
#6 211.4 Setting up node-clone-deep (4.0.1+~cs7.0.2-1) ...
#6 211.5 Setting up eslint (6.4.0~dfsg+~6.1.9-11build3) ...
#6 211.5 Setting up ruby-rubygems (3.4.20-1) ...
#6 211.6 Setting up node-babel-plugin-polyfill-regenerator (0.4.1~0~20220913+ds1-1) ...
#6 211.6 Setting up node-gauge (4.0.4-2) ...
#6 211.7 Setting up node-readdirp (3.6.0-1) ...
#6 211.7 Setting up node-icss-utils (5.1.0+~5.1.0-1) ...
#6 211.8 Setting up node-npm-bundled (2.0.1-2) ...
#6 211.8 Setting up node-schema-utils (4.2.0~ds-3build3) ...
#6 211.9 Setting up node-jest-worker (29.6.2~ds1+~cs73.45.28-5) ...
#6 211.9 Setting up node-npmlog (7.0.1+~4.1.4-1) ...
#6 212.0 Setting up node-babel-plugin-polyfill-corejs3 (0.6.0~0~20220913+ds1-1) ...
#6 212.0 Setting up node-postcss-modules-values (4.0.0+~4.0.0-1) ...
#6 212.1 Setting up node-fill-range (7.0.1+~7.0.0-1) ...
#6 212.1 Setting up node-gyp (9.3.0-3) ...
#6 212.1 Setting up node-braces (3.0.2+~3.0.1-1) ...
#6 212.2 Setting up node-chokidar (3.6.0-2) ...
#6 212.2 Setting up node-watchpack (2.4.0+~cs2.8.1-1) ...
#6 212.3 Setting up node-micromatch (4.0.5+~4.0.2-1) ...
#6 212.3 Setting up node-globby (13.1.3+~cs16.25.40-2) ...
#6 212.4 Setting up node-del (7.0.0-5) ...
#6 212.4 Setting up node-find-cache-dir (3.3.2+~3.2.1-1) ...
#6 212.5 Setting up node-babel7 (7.20.15+ds1+~cs214.269.168-6build1) ...
#6 212.5 update-alternatives: using /usr/bin/babeljs-7 to provide /usr/bin/babeljs (babeljs) in auto mode
#6 212.5 update-alternatives: using /usr/bin/babeljs-7-external-helpers to provide /usr/bin/babeljs-external-helpers (babeljs-external-helpers) in auto mode
#6 212.6 update-alternatives: using /usr/bin/babeljs-7-node to provide /usr/bin/babeljs-node (babeljs-node) in auto mode
#6 212.6 update-alternatives: using /usr/bin/babeljs-7-parser to provide /usr/bin/babeljs-parser (babeljs-parser) in auto mode
#6 212.6 Setting up node-babel-plugin-lodash (3.3.4+~cs2.0.1-7) ...
#6 212.7 Setting up node-jest-debbundle (29.6.2~ds1+~cs73.45.28-5) ...
#6 212.7 Setting up node-parse-json (5.2.0+~cs5.1.7-1) ...
#6 212.8 Setting up node-read-pkg (5.2.0-2) ...
#6 212.8 Setting up node-istanbul (0.4.5+repack10+~cs98.25.59-2) ...
#6 212.9 Setting up node-tape (5.6.1+~cs8.20.19-1) ...
#6 212.9 Setting up webpack (5.76.1+dfsg1+~cs17.16.16-1) ...
#6 212.9 Setting up node-deep-equal (2.2.3+~cs43.15.94-1) ...
#6 213.0 Setting up libjs-util (0.12.5+~1.0.10-1) ...
#6 213.0 Setting up node-css-loader (6.8.1+~cs14.0.17-1) ...
#6 213.1 Setting up npm (9.2.0~ds1-2) ...
#6 213.1 Processing triggers for libc-bin (2.39-0ubuntu8.8) ...
#6 213.2 Processing triggers for ca-certificates (20260601~24.04.1) ...
#6 213.2 Updating certificates in /etc/ssl/certs...
#6 213.5 0 added, 0 removed; done.
#6 213.5 Running hooks in /etc/ca-certificates/update.d...
#6 213.5 done.
#6 DONE 213.8s

#7 [ 3/11] COPY docker/integration/retry.sh /usr/local/bin/retry
#7 DONE 0.4s

#8 [ 4/11] RUN chmod 0755 /usr/local/bin/retry
#8 DONE 0.4s

#9 [ 5/11] RUN retry 'curl --proto =https --tlsv1.2 -sSf https://sh.rustup.rs | sh -s -- -y --profile minimal'
#9 0.699 info: downloading installer
#9 3.187 warn: It looks like you have an existing rustup settings file at:
#9 3.187 warn: /root/.rustup/settings.toml
#9 3.187 warn: Rustup will install the default toolchain as specified in the settings file,
#9 3.187 warn: instead of the one inferred from the default host triple.
#9 3.267 info: profile set to minimal
#9 3.267 info: default host triple is x86_64-unknown-linux-gnu
#9 3.268 info: syncing channel updates for stable-x86_64-unknown-linux-gnu
#9 3.464 info: latest update on 2026-07-16 for version 1.97.1 (8bab26f4f 2026-07-14)
#9 3.464 info: downloading 3 components
#9 23.55 info: default toolchain set to stable-x86_64-unknown-linux-gnu
#9 23.55 
#9 23.56   stable-x86_64-unknown-linux-gnu installed - rustc 1.97.1 (8bab26f4f 2026-07-14)
#9 23.56 
#9 23.56 
#9 23.56 Rust is installed now. Great!
#9 23.56 
#9 23.56 To get started you may need to restart your current shell.
#9 23.56 This would reload your PATH environment variable to include
#9 23.56 Cargo's bin directory ($HOME/.cargo/bin).
#9 23.56 
#9 23.56 To configure your current shell, you need to source
#9 23.56 the corresponding env file under $HOME/.cargo.
#9 23.56 
#9 23.56 This is usually done by running one of the following (note the leading DOT):
#9 23.56 . "$HOME/.cargo/env"            # For sh/bash/zsh/ash/dash/pdksh
#9 23.56 source "$HOME/.cargo/env.fish"  # For fish
#9 23.56 source "~/.cargo/env.nu"  # For nushell
#9 23.56 source "$HOME/.cargo/env.tcsh"  # For tcsh
#9 23.56 . "$HOME/.cargo/env.ps1"        # For pwsh
#9 23.56 source "$HOME/.cargo/env.xsh"   # For xonsh
#9 DONE 24.0s

#10 [ 6/11] RUN corepack enable || true
#10 0.337 /bin/sh: 1: corepack: not found
#10 DONE 0.4s

#11 [ 7/11] RUN retry 'curl -LsSf https://astral.sh/uv/install.sh | sh' || true
#11 0.550 downloading uv 0.12.5 x86_64-unknown-linux-gnu
#11 3.958 installing to /root/.local/bin
#11 3.964   uv
#11 3.966   uvx
#11 3.969 everything's installed!
#11 4.024 
#11 4.024 To add $HOME/.local/bin to your PATH, either restart your shell or run:
#11 4.024 
#11 4.024     source $HOME/.local/bin/env (sh, bash, zsh)
#11 4.024     source $HOME/.local/bin/env.fish (fish)
#11 DONE 4.1s

#12 [ 8/11] RUN retry 'curl -fsSL https://bun.sh/install | bash' || true
#12 1.210 #=#=#                                                                                                                                                     0.9%                                                                           1.2%##                                                                         3.7%####                                                                       6.8%#######                                                                   10.0%#########                                                                 13.7%############                                                              17.4%##############                                                            20.4%###############                                                           20.9%###############                                                           21.2%####################                                                      28.4%#####################                                                     29.4%#######################                                                   32.8%##########################                                                36.3%############################                                              39.8%##############################                                            42.6%###############################                                           43.2%################################                                          45.8%###################################                                       49.3%######################################                                    53.0%########################################                                  56.1%##########################################                                59.4%#############################################                             63.1%##############################################                            64.1%##############################################                            64.3%################################################                          67.4%##################################################                        70.6%#####################################################                     74.3%#######################################################                   77.7%##########################################################                81.5%#############################################################             85.0%###############################################################           88.6%##################################################################        91.9%####################################################################      95.5%#####################################################################     96.1%######################################################################    97.2%######################################################################## 100.0%
#12 6.245 bun was installed successfully to ~/.bun/bin/bun 
#12 6.245 
#12 6.279 Added "~/.bun/bin" to $PATH in "~/.bashrc" 
#12 6.279 
#12 6.279 To get started, run: 
#12 6.279 
#12 6.279   source /root/.bashrc 
#12 6.279   bun --help 
#12 DONE 6.4s

#13 [ 9/11] WORKDIR /src
#13 DONE 0.2s

#14 [10/11] COPY . /src
#14 DONE 0.2s

#15 [11/11] RUN cargo build --release && cp target/release/shall /usr/local/bin/shall && chmod 0755 /usr/local/bin/shall
#15 0.380     Updating crates.io index
#15 4.066  Downloading crates ...
#15 4.158   Downloaded fs2 v0.4.3
#15 4.161   Downloaded adler2 v2.0.1
#15 4.174   Downloaded futures-channel v0.3.32
#15 4.179   Downloaded futures v0.3.32
#15 4.183   Downloaded ident_case v1.0.1
#15 4.184   Downloaded instability v0.3.13
#15 4.193   Downloaded thiserror-impl v2.0.19
#15 4.195   Downloaded thread_local v1.1.9
#15 4.198   Downloaded hostname v0.3.1
#15 4.201   Downloaded jobserver v0.1.34
#15 4.203   Downloaded lazy_static v1.5.0
#15 4.207   Downloaded globwalk v0.9.1
#15 4.209   Downloaded thiserror-impl v1.0.69
#15 4.211   Downloaded nu-ansi-term v0.50.3
#15 4.213   Downloaded parking_lot v0.12.5
#15 4.216   Downloaded indoc v2.0.7
#15 4.289   Downloaded icu_properties v2.1.2
#15 4.365   Downloaded itoa v1.0.18
#15 4.460   Downloaded ratatui-termina v0.1.0
#15 4.465   Downloaded time v0.3.47
#15 4.473   Downloaded time-core v0.1.8
#15 4.479   Downloaded hex v0.4.3
#15 4.487   Downloaded mac_address v1.1.8
#15 4.491   Downloaded lru-slab v0.1.2
#15 4.492   Downloaded futures-core v0.3.32
#15 4.507   Downloaded tinyvec_macros v0.1.1
#15 4.511   Downloaded futures-task v0.3.32
#15 4.512   Downloaded num-derive v0.4.2
#15 4.513   Downloaded unit-prefix v0.5.2
#15 4.514   Downloaded untrusted v0.9.0
#15 4.516   Downloaded option-ext v0.2.0
#15 4.517   Downloaded utf8_iter v1.0.4
#15 4.521   Downloaded match_cfg v0.1.0
#15 4.522   Downloaded want v0.3.1
#15 4.526   Downloaded wezterm-blob-leases v0.1.1
#15 4.531   Downloaded idna_adapter v1.2.1
#15 4.532   Downloaded toml_datetime v0.6.11
#15 4.533   Downloaded block-buffer v0.10.4
#15 4.536   Downloaded atomic v0.6.1
#15 4.546   Downloaded num_threads v0.1.7
#15 4.549   Downloaded no-std-compat v0.4.1
#15 4.550   Downloaded xattr v1.6.1
#15 4.553   Downloaded http-body v1.1.0
#15 4.554   Downloaded humansize v2.1.3
#15 4.557   Downloaded futures-macro v0.3.32
#15 4.561   Downloaded heck v0.5.0
#15 4.562   Downloaded home v0.5.12
#15 4.564   Downloaded by_address v1.2.1
#15 4.569   Downloaded log v0.4.29
#15 4.573   Downloaded zerofrom v0.1.6
#15 4.579   Downloaded lab v0.11.0
#15 4.580   Downloaded memmem v0.1.1
#15 4.581   Downloaded try-lock v0.2.5
#15 4.593   Downloaded futures-io v0.3.32
#15 4.594   Downloaded wezterm-color-types v0.3.0
#15 4.597   Downloaded is_terminal_polyfill v1.70.2
#15 4.598   Downloaded num-conv v0.2.1
#15 4.601   Downloaded version_check v0.9.5
#15 4.608   Downloaded tower-layer v0.3.3
#15 4.612   Downloaded utf8parse v0.2.2
#15 4.613   Downloaded wezterm-dynamic-derive v0.1.1
#15 4.621   Downloaded futures-sink v0.3.32
#15 4.625   Downloaded vtparse v0.6.2
#15 4.635   Downloaded anstyle-query v1.1.5
#15 4.662   Downloaded http-body-util v0.1.4
#15 4.664   Downloaded inout v0.1.4
#15 4.665   Downloaded ipnet v2.12.0
#15 4.666   Downloaded kasuari v0.4.12
#15 4.668   Downloaded matchers v0.2.0
#15 4.669   Downloaded mlua-sys v0.6.8
#15 4.673   Downloaded bit-set v0.5.3
#15 4.675   Downloaded generic-array v0.14.7
#15 4.677   Downloaded memoffset v0.9.1
#15 4.678   Downloaded wezterm-dynamic v0.2.1
#15 4.680   Downloaded line-clipping v0.3.8
#15 4.682   Downloaded lru v0.18.2
#15 4.683   Downloaded zerofrom-derive v0.1.6
#15 4.684   Downloaded yoke-derive v0.8.1
#15 4.765   Downloaded palette_math v0.7.7
#15 4.768   Downloaded palette_derive v0.7.7
#15 4.772   Downloaded globset v0.4.18
#15 4.773   Downloaded hyper-rustls v0.27.9
#15 4.775   Downloaded lock_api v0.4.14
#15 4.777   Downloaded tower-service v0.3.3
#15 4.778   Downloaded futures-executor v0.3.32
#15 4.779   Downloaded nonzero_ext v0.3.0
#15 4.783   Downloaded ordered-float v4.6.0
#15 4.785   Downloaded siphasher v1.0.3
#15 4.786   Downloaded futures-timer v3.0.3
#15 4.789   Downloaded shlex v1.3.0
#15 4.791   Downloaded approx v0.5.1
#15 4.797   Downloaded httparse v1.10.1
#15 4.799   Downloaded simd-adler32 v0.3.9
#15 4.801   Downloaded strsim v0.11.1
#15 4.803   Downloaded getrandom v0.2.17
#15 4.805   Downloaded iana-time-zone v0.1.65
#15 4.807   Downloaded litemap v0.8.1
#15 4.811   Downloaded once_cell v1.21.4
#15 4.814   Downloaded thiserror v1.0.69
#15 4.818   Downloaded tiny-keccak v2.0.2
#15 4.820   Downloaded tinystr v0.8.2
#15 4.822   Downloaded toml_write v0.1.2
#15 4.823   Downloaded tracing-log v0.2.0
#15 4.824   Downloaded version-compare v0.1.1
#15 4.826   Downloaded writeable v0.6.2
#15 4.827   Downloaded yoke v0.8.1
#15 4.829   Downloaded zstd v0.11.2+zstd.1.5.2
#15 4.832   Downloaded anstyle v1.0.14
#15 4.833   Downloaded anstyle-parse v1.0.0
#15 4.835   Downloaded xz2 v0.1.7
#15 4.837   Downloaded zeroize v1.8.2
#15 4.853   Downloaded autocfg v1.5.0
#15 4.855   Downloaded bitflags v1.3.2
#15 4.861   Downloaded zmij v1.0.21
#15 4.863   Downloaded bit-vec v0.6.3
#15 4.865   Downloaded async-trait v0.1.89
#15 4.869   Downloaded unicode-truncate v2.0.1
#15 4.882   Downloaded tower v0.5.3
#15 4.892   Downloaded which v6.0.3
#15 4.894   Downloaded tokio-macros v2.6.1
#15 4.910   Downloaded wezterm-input-types v0.1.0
#15 4.911   Downloaded atomic-waker v1.1.2
#15 4.914   Downloaded byteorder v1.5.0
#15 4.919   Downloaded litrs v1.0.0
#15 4.923   Downloaded num-traits v0.2.19
#15 4.925   Downloaded getrandom v0.3.4
#15 4.929   Downloaded getrandom v0.4.2
#15 4.932   Downloaded hmac v0.12.1
#15 4.951   Downloaded walkdir v2.5.0
#15 4.953   Downloaded which v7.0.3
#15 4.964   Downloaded rand_chacha v0.3.1
#15 4.965   Downloaded same-file v1.0.6
#15 4.967   Downloaded cfg-if v1.0.4
#15 4.980   Downloaded rustc_version v0.4.1
#15 4.989   Downloaded phf_codegen v0.11.3
#15 4.990   Downloaded phf_generator v0.11.3
#15 4.991   Downloaded rhai_codegen v3.1.0
#15 4.998   Downloaded fnv v1.0.7
#15 4.999   Downloaded percent-encoding v2.3.2
#15 5.001   Downloaded icu_provider v2.1.1
#15 5.003   Downloaded rand_pcg v0.10.2
#15 5.005   Downloaded serde_spanned v0.6.9
#15 5.008   Downloaded tracing-attributes v0.1.31
#15 5.010   Downloaded zstd-safe v5.0.2+zstd.1.5.2
#15 5.011   Downloaded base64ct v1.8.3
#15 5.014   Downloaded ucd-trie v0.1.7
#15 5.030   Downloaded convert_case v0.10.0
#15 5.032   Downloaded critical-section v1.2.0
#15 5.033   Downloaded dashmap v5.5.3
#15 5.035   Downloaded zerovec-derive v0.11.2
#15 5.088   Downloaded toml v0.8.23
#15 5.104   Downloaded spinning_top v0.3.0
#15 5.113   Downloaded slug v0.1.6
#15 5.227   Downloaded colorchoice v1.0.5
#15 5.230   Downloaded const-random-macro v0.1.16
#15 5.232   Downloaded tokio-rustls v0.26.4
#15 5.236   Downloaded icu_locale_core v2.1.1
#15 5.242   Downloaded ignore v0.4.25
#15 5.244   Downloaded bzip2 v0.4.4
#15 5.246   Downloaded stable_deref_trait v1.2.1
#15 5.248   Downloaded indicatif v0.18.6
#15 5.252   Downloaded spin v0.5.2
#15 5.254   Downloaded anstream v1.0.0
#15 5.261   Downloaded anyhow v1.0.104
#15 5.266   Downloaded icu_normalizer v2.1.1
#15 5.270   Downloaded ahash v0.8.12
#15 5.277   Downloaded quinn-udp v0.5.15
#15 5.279   Downloaded ratatui-termwiz v0.1.2
#15 5.315   Downloaded csscolorparser v0.6.2
#15 5.317   Downloaded deranged v0.5.8
#15 5.330   Downloaded ppv-lite86 v0.2.21
#15 5.331   Downloaded sha1 v0.10.6
#15 5.333   Downloaded tinyvec v1.12.0
#15 5.336   Downloaded unicode-ident v1.0.24
#15 5.365   Downloaded bitflags v2.13.1
#15 5.375   Downloaded cron v0.12.1
#15 5.377   Downloaded dialoguer v0.11.0
#15 5.381   Downloaded document-features v0.2.12
#15 5.386   Downloaded scopeguard v1.2.0
#15 5.388   Downloaded rustc-hash v2.1.1
#15 5.392   Downloaded serde_urlencoded v0.7.1
#15 5.394   Downloaded env_home v0.1.0
#15 5.395   Downloaded phf_shared v0.11.3
#15 5.421   Downloaded tracing-core v0.1.36
#15 5.423   Downloaded displaydoc v0.2.5
#15 5.468   Downloaded fixedbitset v0.4.2
#15 5.469   Downloaded toml_edit v0.22.27
#15 5.473   Downloaded zerotrie v0.2.3
#15 5.490   Downloaded uuid v1.23.1
#15 5.492   Downloaded bytemuck v1.25.2
#15 5.496   Downloaded shell-words v1.1.1
#15 5.521   Downloaded clap_lex v1.1.0
#15 5.545   Downloaded thin-vec v0.2.18
#15 5.546   Downloaded castaway v0.2.4
#15 5.578   Downloaded ratatui-macros v0.7.2
#15 5.588   Downloaded form_urlencoded v1.2.2
#15 5.591   Downloaded darling_macro v0.24.0
#15 5.612   Downloaded allocator-api2 v0.2.21
#15 5.614   Downloaded phf_macros v0.11.3
#15 5.646   Downloaded serde_derive v1.0.228
#15 5.655   Downloaded clap_complete v4.6.0
#15 5.661   Downloaded rustversion v1.0.22
#15 5.663   Downloaded sha2 v0.10.9
#15 5.685   Downloaded potential_utf v0.1.4
#15 5.686   Downloaded cpufeatures v0.2.17
#15 5.689   Downloaded zip v0.6.6
#15 5.696   Downloaded base64 v0.22.1
#15 5.705   Downloaded cipher v0.4.4
#15 5.710   Downloaded crc32fast v1.5.0
#15 5.712   Downloaded semver v1.0.27
#15 5.716   Downloaded rustls-pki-types v1.15.1
#15 5.718   Downloaded signal-hook-registry v1.4.8
#15 5.720   Downloaded either v1.15.0
#15 5.725   Downloaded powerfmt v0.2.0
#15 5.726   Downloaded typenum v1.19.0
#15 5.742   Downloaded pkg-config v0.3.32
#15 5.743   Downloaded slab v0.4.12
#15 5.745   Downloaded unicode-segmentation v1.13.2
#15 5.748   Downloaded bytes v1.11.1
#15 5.752   Downloaded crunchy v0.2.4
#15 5.753   Downloaded foldhash v0.2.0
#15 5.754   Downloaded url v2.5.8
#15 5.756   Downloaded wezterm-bidi v0.2.3
#15 5.779   Downloaded rand_core v0.10.1
#15 5.789   Downloaded derive_more v2.1.1
#15 5.801   Downloaded fancy-regex v0.11.0
#15 5.805   Downloaded finl_unicode v1.4.0
#15 5.809   Downloaded crossbeam-utils v0.8.21
#15 5.812   Downloaded tempfile v3.27.0
#15 5.815   Downloaded sharded-slab v0.1.7
#15 5.818   Downloaded darling v0.24.0
#15 5.823   Downloaded serde_core v1.0.228
#15 5.840   Downloaded zerovec v0.11.5
#15 5.844   Downloaded socket2 v0.6.3
#15 5.845   Downloaded tar v0.4.45
#15 5.849   Downloaded rustls-webpki v0.103.13
#15 5.851   Downloaded serde v1.0.228
#15 5.854   Downloaded proc-macro2 v1.0.106
#15 5.860   Downloaded aes v0.8.4
#15 5.868   Downloaded ratatui v0.30.2
#15 5.885   Downloaded quinn v0.11.11
#15 5.888   Downloaded compact_str v0.9.1
#15 5.890   Downloaded tokio-util v0.7.18
#15 5.900   Downloaded tower-http v0.6.11
#15 5.910   Downloaded cc v1.2.58
#15 5.912   Downloaded rand v0.10.2
#15 5.916   Downloaded tera v1.20.1
#15 5.920   Downloaded serde_json v1.0.149
#15 5.925   Downloaded derive_more-impl v2.1.1
#15 5.946   Downloaded aho-corasick v1.1.4
#15 5.963   Downloaded clap_builder v4.6.0
#15 5.971   Downloaded winnow v0.7.15
#15 5.996   Downloaded tracing-subscriber v0.3.23
#15 6.004   Downloaded webpki-roots v1.0.9
#15 6.009   Downloaded regex v1.12.3
#15 6.015   Downloaded subtle v2.6.1
#15 6.016   Downloaded terminfo v0.9.0
#15 6.019   Downloaded console v0.16.4
#15 6.020   Downloaded constant_time_eq v0.1.5
#15 6.021   Downloaded crossbeam-epoch v0.9.20
#15 6.023   Downloaded crypto-common v0.1.7
#15 6.024   Downloaded dirs-sys v0.4.1
#15 6.026   Downloaded equivalent v1.0.2
#15 6.027   Downloaded errno v0.3.14
#15 6.028   Downloaded fastrand v2.3.0
#15 6.029   Downloaded filedescriptor v0.8.3
#15 6.030   Downloaded filetime v0.2.27
#15 6.032   Downloaded find-msvc-tools v0.1.9
#15 6.033   Downloaded futures-util v0.3.32
#15 6.044   Downloaded icu_collections v2.1.1
#15 6.049   Downloaded icu_normalizer_data v2.1.1
#15 6.050   Downloaded indexmap v2.13.0
#15 6.054   Downloaded minimal-lexical v0.2.1
#15 6.058   Downloaded miniz_oxide v0.8.9
#15 6.060   Downloaded mio v1.2.0
#15 6.065   Downloaded pbkdf2 v0.11.0
#15 6.067   Downloaded rand_core v0.6.4
#15 6.069   Downloaded ryu v1.0.23
#15 6.073   Downloaded signal-hook v0.3.18
#15 6.076   Downloaded signal-hook-mio v0.2.5
#15 6.077   Downloaded strum_macros v0.28.0
#15 6.079   Downloaded sync_wrapper v1.0.2
#15 6.080   Downloaded thiserror v2.0.19
#15 6.085   Downloaded chacha20 v0.10.1
#15 6.088   Downloaded const-random v0.1.18
#15 6.089   Downloaded dirs v5.0.1
#15 6.091   Downloaded http v1.5.0
#15 6.094   Downloaded hyper-util v0.1.20
#15 6.101   Downloaded password-hash v0.4.2
#15 6.102   Downloaded pest_meta v2.8.6
#15 6.104   Downloaded quote v1.0.45
#15 6.107   Downloaded ratatui-core v0.1.2
#15 6.113   Downloaded portable-atomic v1.13.1
#15 6.120   Downloaded unicode-width v0.2.0
#15 6.124   Downloaded syn v1.0.109
#15 6.132   Downloaded zerocopy v0.8.47
#15 6.146   Downloaded syn v3.0.3
#15 6.156   Downloaded bstr v1.12.1
#15 6.163   Downloaded tracing v0.1.44
#15 6.175   Downloaded smartstring v1.0.1
#15 6.177   Downloaded cfg_aliases v0.2.2
#15 6.200   Downloaded strum v0.28.0
#15 6.212   Downloaded parking_lot_core v0.9.12
#15 6.215   Downloaded console v0.15.11
#15 6.237   Downloaded bzip2-sys v0.1.13+1.0.8
#15 6.471   Downloaded petgraph v0.6.5
#15 6.484   Downloaded nom v7.1.3
#15 6.489   Downloaded zstd-sys v2.0.16+zstd.1.5.7
#15 6.509   Downloaded tokio v1.50.0
#15 6.567   Downloaded ring v0.17.14
#15 6.597   Downloaded chrono-tz-build v0.3.0
#15 6.598   Downloaded termios v0.3.3
#15 6.600   Downloaded digest v0.10.7
#15 6.621   Downloaded cpufeatures v0.3.0
#15 6.627   Downloaded memchr v2.8.0
#15 6.635   Downloaded hashbrown v0.16.1
#15 6.640   Downloaded pest_generator v2.8.6
#15 6.653   Downloaded flate2 v1.1.9
#15 6.662   Downloaded synstructure v0.13.2
#15 6.670   Downloaded governor v0.6.3
#15 6.681   Downloaded euclid v0.22.14
#15 6.697   Downloaded idna v1.1.0
#15 6.702   Downloaded termina v0.3.3
#15 6.707   Downloaded crossbeam-deque v0.8.6
#15 6.710   Downloaded pin-project-lite v0.2.17
#15 6.716   Downloaded pest_derive v2.8.6
#15 6.722   Downloaded static_assertions v1.1.0
#15 6.728   Downloaded darling_core v0.24.0
#15 6.734   Downloaded hashbrown v0.14.5
#15 6.761   Downloaded itertools v0.14.0
#15 6.767   Downloaded phf v0.11.3
#15 6.768   Downloaded hashbrown v0.17.1
#15 6.773   Downloaded ratatui-crossterm v0.1.2
#15 6.774   Downloaded clap_complete_nushell v4.6.0
#15 6.776   Downloaded clap_derive v4.6.0
#15 6.778   Downloaded clap v4.6.0
#15 6.786   Downloaded smallvec v1.15.1
#15 6.792   Downloaded icu_properties_data v2.1.2
#15 6.814   Downloaded rand v0.8.5
#15 6.818   Downloaded hyper v1.11.0
#15 6.845   Downloaded libm v0.2.16
#15 6.853   Downloaded parse-zoneinfo v0.3.1
#15 6.944   Downloaded pest v2.8.6
#15 6.964   Downloaded mlua v0.9.9
#15 6.971   Downloaded reqwest v0.12.28
#15 7.238   Downloaded crossterm v0.29.0
#15 7.298   Downloaded palette v0.7.7
#15 7.309   Downloaded ratatui-widgets v0.3.2
#15 7.316   Downloaded deunicode v1.6.2
#15 7.321   Downloaded nix v0.29.0
#15 7.354   Downloaded chrono v0.4.44
#15 7.413   Downloaded syn v2.0.117
#15 7.445   Downloaded quinn-proto v0.11.16
#15 7.496   Downloaded chrono-tz v0.9.0
#15 7.502   Downloaded rustls v0.23.43
#15 7.526   Downloaded rhai v1.24.0
#15 7.535   Downloaded rustix v0.38.44
#15 7.554   Downloaded rustix v1.1.4
#15 7.576   Downloaded regex-syntax v0.8.10
#15 7.632   Downloaded termwiz v0.23.3
#15 7.688   Downloaded regex-automata v0.4.14
#15 7.723   Downloaded lua-src v547.0.0
#15 7.736   Downloaded lzma-sys v0.1.20
#15 7.762   Downloaded libc v0.2.183
#15 7.814   Downloaded luajit-src v210.5.12+a4f56a4
#15 8.061   Downloaded deltae v0.3.2
#15 8.075   Downloaded linux-raw-sys v0.4.15
#15 8.140   Downloaded linux-raw-sys v0.12.1
#15 8.347    Compiling libc v0.2.183
#15 8.347    Compiling proc-macro2 v1.0.106
#15 8.347    Compiling quote v1.0.45
#15 8.347    Compiling unicode-ident v1.0.24
#15 8.347    Compiling cfg-if v1.0.4
#15 8.347    Compiling find-msvc-tools v0.1.9
#15 8.351    Compiling shlex v1.3.0
#15 8.355    Compiling memchr v2.8.0
#15 8.363    Compiling portable-atomic v1.13.1
#15 8.370    Compiling version_check v0.9.5
#15 8.374    Compiling log v0.4.29
#15 8.378    Compiling bitflags v2.13.1
#15 8.378    Compiling pkg-config v0.3.32
#15 8.383    Compiling smallvec v1.15.1
#15 8.389    Compiling itoa v1.0.18
#15 8.403    Compiling pin-project-lite v0.2.17
#15 8.410    Compiling stable_deref_trait v1.2.1
#15 8.410    Compiling futures-core v0.3.32
#15 8.427    Compiling serde_core v1.0.228
#15 8.428    Compiling typenum v1.19.0
#15 8.484    Compiling allocator-api2 v0.2.21
#15 8.485    Compiling futures-sink v0.3.32
#15 8.510    Compiling equivalent v1.0.2
#15 8.532    Compiling foldhash v0.2.0
#15 8.668    Compiling serde v1.0.228
#15 8.700    Compiling bytes v1.11.1
#15 8.701    Compiling autocfg v1.5.0
#15 8.737    Compiling futures-task v0.3.32
#15 8.760    Compiling futures-channel v0.3.32
#15 8.807    Compiling futures-io v0.3.32
#15 8.807    Compiling subtle v2.6.1
#15 8.831    Compiling slab v0.4.12
#15 8.962    Compiling heck v0.5.0
#15 9.024    Compiling generic-array v0.14.7
#15 9.034    Compiling unicode-width v0.2.0
#15 9.086    Compiling zerocopy v0.8.47
#15 9.101    Compiling writeable v0.6.2
#15 9.112    Compiling rustix v1.1.4
#15 9.183    Compiling litemap v0.8.1
#15 9.253    Compiling siphasher v1.0.3
#15 9.300    Compiling rustversion v1.0.22
#15 9.332    Compiling thiserror v2.0.19
#15 9.375    Compiling strsim v0.11.1
#15 9.485    Compiling hashbrown v0.16.1
#15 9.548    Compiling zeroize v1.8.2
#15 9.561    Compiling phf_shared v0.11.3
#15 9.615    Compiling icu_properties_data v2.1.2
#15 9.659    Compiling num-traits v0.2.19
#15 9.660    Compiling scopeguard v1.2.0
#15 9.705    Compiling aho-corasick v1.1.4
#15 9.779    Compiling linux-raw-sys v0.12.1
#15 9.813    Compiling rand_core v0.6.4
#15 9.854    Compiling parking_lot_core v0.9.12
#15 9.863    Compiling percent-encoding v2.3.2
#15 9.895    Compiling static_assertions v1.1.0
#15 9.895    Compiling regex-syntax v0.8.10
#15 9.928    Compiling icu_normalizer_data v2.1.1
#15 9.942    Compiling ident_case v1.0.1
#15 10.01    Compiling either v1.15.0
#15 10.05    Compiling ryu v1.0.23
#15 10.24    Compiling rand v0.8.5
#15 10.45    Compiling http v1.5.0
#15 10.62    Compiling syn v2.0.117
#15 10.62    Compiling syn v3.0.3
#15 10.71    Compiling lock_api v0.4.14
#15 10.78    Compiling unicode-segmentation v1.13.2
#15 10.82    Compiling crossbeam-utils v0.8.21
#15 10.86    Compiling once_cell v1.21.4
#15 11.23    Compiling crunchy v0.2.4
#15 11.34    Compiling jobserver v0.1.34
#15 11.42    Compiling phf_generator v0.11.3
#15 11.53    Compiling tracing-core v0.1.36
#15 11.68    Compiling errno v0.3.14
#15 11.75    Compiling getrandom v0.2.17
#15 11.78    Compiling mio v1.2.0
#15 11.81    Compiling socket2 v0.6.3
#15 11.91    Compiling signal-hook-registry v1.4.8
#15 11.99    Compiling cc v1.2.58
#15 12.01    Compiling castaway v0.2.4
#15 12.38    Compiling itertools v0.14.0
#15 12.53    Compiling crypto-common v0.1.7
#15 12.82    Compiling block-buffer v0.10.4
#15 13.00    Compiling rustls-pki-types v1.15.1
#15 13.05    Compiling hashbrown v0.17.1
#15 13.11    Compiling untrusted v0.9.0
#15 13.55    Compiling http-body v1.1.0
#15 13.59    Compiling signal-hook v0.3.18
#15 13.92    Compiling httparse v1.10.1
#15 13.97    Compiling powerfmt v0.2.0
#15 14.04    Compiling env_home v0.1.0
#15 14.06    Compiling utf8parse v0.2.2
#15 14.20    Compiling regex-automata v0.4.14
#15 14.26    Compiling tiny-keccak v2.0.2
#15 14.53    Compiling instability v0.3.13
#15 14.69    Compiling crossbeam-epoch v0.9.20
#15 14.79    Compiling deranged v0.5.8
#15 14.91    Compiling anstyle-parse v1.0.0
#15 15.10    Compiling digest v0.10.7
#15 15.14    Compiling convert_case v0.10.0
#15 15.21    Compiling compact_str v0.9.1
#15 15.28    Compiling phf_codegen v0.11.3
#15 15.57    Compiling phf v0.11.3
#15 15.60    Compiling bstr v1.12.1
#15 15.86    Compiling time-core v0.1.8
#15 15.93    Compiling indoc v2.0.7
#15 16.06    Compiling lru v0.18.2
#15 16.12    Compiling num_threads v0.1.7
#15 16.27    Compiling anstyle v1.0.14
#15 16.79    Compiling try-lock v0.2.5
#15 17.06    Compiling zmij v1.0.21
#15 17.10    Compiling is_terminal_polyfill v1.70.2
#15 17.15    Compiling rustls v0.23.43
#15 17.23    Compiling critical-section v1.2.0
#15 17.30    Compiling ucd-trie v0.1.7
#15 17.46    Compiling num-conv v0.2.1
#15 17.55    Compiling colorchoice v1.0.5
#15 17.75    Compiling getrandom v0.4.2
#15 18.01    Compiling cpufeatures v0.2.17
#15 18.04    Compiling which v7.0.3
#15 18.11    Compiling tower-service v0.3.3
#15 18.17    Compiling anstyle-query v1.1.5
#15 18.29    Compiling want v0.3.1
#15 18.35    Compiling anstream v1.0.0
#15 18.40    Compiling lua-src v547.0.0
#15 18.58    Compiling ring v0.17.14
#15 18.67    Compiling zstd-sys v2.0.16+zstd.1.5.7
#15 18.68    Compiling bzip2-sys v0.1.13+1.0.8
#15 18.71    Compiling luajit-src v210.5.12+a4f56a4
#15 19.16    Compiling pest v2.8.6
#15 19.20    Compiling parking_lot v0.12.5
#15 19.48    Compiling unicode-truncate v2.0.1
#15 19.51    Compiling form_urlencoded v1.2.2
#15 19.65    Compiling litrs v1.0.0
#15 19.69    Compiling atomic-waker v1.1.2
#15 19.74    Compiling serde_json v1.0.149
#15 19.91    Compiling getrandom v0.3.4
#15 20.01    Compiling time v0.3.47
#15 20.07    Compiling regex v1.12.3
#15 20.11    Compiling iana-time-zone v0.1.65
#15 20.15    Compiling utf8_iter v1.0.4
#15 20.21    Compiling crc32fast v1.5.0
#15 20.63    Compiling same-file v1.0.6
#15 20.90    Compiling libm v0.2.16
#15 20.97    Compiling zstd-safe v5.0.2+zstd.1.5.2
#15 21.14    Compiling clap_lex v1.1.0
#15 21.35    Compiling parse-zoneinfo v0.3.1
#15 21.48    Compiling walkdir v2.5.0
#15 21.51    Compiling document-features v0.2.12
#15 21.59    Compiling const-random-macro v0.1.16
#15 21.80    Compiling clap_builder v4.6.0
#15 22.22    Compiling signal-hook-mio v0.2.5
#15 22.25    Compiling darling_core v0.24.0
#15 22.33    Compiling mlua-sys v0.6.8
#15 22.50    Compiling crossbeam-deque v0.8.6
#15 22.56    Compiling chrono-tz-build v0.3.0
#15 22.62    Compiling lzma-sys v0.1.20
#15 22.88    Compiling inout v0.1.4
#15 23.04    Compiling indexmap v2.13.0
#15 23.08    Compiling smartstring v1.0.1
#15 23.14    Compiling ahash v0.8.12
#15 23.16    Compiling line-clipping v0.3.8
#15 23.22    Compiling sync_wrapper v1.0.2
#15 23.40    Compiling pest_meta v2.8.6
#15 23.48    Compiling adler2 v2.0.1
#15 23.52    Compiling base64ct v1.8.3
#15 23.55    Compiling lazy_static v1.5.0
#15 23.70    Compiling rustix v0.38.44
#15 23.71    Compiling ipnet v2.12.0
#15 23.75    Compiling base64 v0.22.1
#15 23.78    Compiling thiserror v1.0.69
#15 23.86    Compiling simd-adler32 v0.3.9
#15 24.09    Compiling chrono-tz v0.9.0
#15 24.22    Compiling tower-layer v0.3.3
#15 24.51    Compiling password-hash v0.4.2
#15 24.59    Compiling miniz_oxide v0.8.9
#15 24.69    Compiling synstructure v0.13.2
#15 25.40    Compiling cipher v0.4.4
#15 26.12    Compiling pest_generator v2.8.6
#15 26.63    Compiling const-random v0.1.18
#15 27.24    Compiling sha2 v0.10.9
#15 27.47    Compiling ppv-lite86 v0.2.21
#15 27.51    Compiling hmac v0.12.1
#15 27.70    Compiling webpki-roots v1.0.9
#15 27.80    Compiling option-ext v0.2.0
#15 27.96    Compiling fastrand v2.3.0
#15 27.99    Compiling deunicode v1.6.2
#15 27.99    Compiling minimal-lexical v0.2.1
#15 28.35    Compiling thiserror-impl v2.0.19
#15 28.72    Compiling toml_write v0.1.2
#15 28.80    Compiling linux-raw-sys v0.4.15
#15 28.84    Compiling winnow v0.7.15
#15 29.07    Compiling rand_chacha v0.3.1
#15 29.20    Compiling anyhow v1.0.104
#15 29.79    Compiling slug v0.1.6
#15 30.33    Compiling nom v7.1.3
#15 30.51    Compiling tempfile v3.27.0
#15 30.57    Compiling pbkdf2 v0.11.0
#15 31.06    Compiling humansize v2.1.3
#15 31.13    Compiling dirs-sys v0.4.1
#15 31.89    Compiling zerofrom-derive v0.1.6
#15 32.19    Compiling yoke-derive v0.8.1
#15 32.26    Compiling zerovec-derive v0.11.2
#15 32.47    Compiling displaydoc v0.2.5
#15 32.67    Compiling serde_derive v1.0.228
#15 32.67    Compiling futures-macro v0.3.32
#15 32.85    Compiling tokio-macros v2.6.1
#15 33.98    Compiling strum_macros v0.28.0
#15 34.79    Compiling kasuari v0.4.12
#15 34.82    Compiling futures-util v0.3.32
#15 34.94    Compiling darling_macro v0.24.0
#15 35.16    Compiling tokio v1.50.0
#15 35.70    Compiling tracing-attributes v0.1.31
#15 35.89    Compiling derive_more-impl v2.1.1
#15 35.92    Compiling darling v0.24.0
#15 36.10    Compiling globset v0.4.18
#15 36.29    Compiling zerofrom v0.1.6
#15 36.61    Compiling yoke v0.8.1
#15 37.12    Compiling zerovec v0.11.5
#15 37.90    Compiling zerotrie v0.2.3
#15 38.13    Compiling clap_derive v4.6.0
#15 38.50    Compiling derive_more v2.1.1
#15 38.60    Compiling ignore v0.4.25
#15 38.71    Compiling crossterm v0.29.0
#15 39.06    Compiling thiserror-impl v1.0.69
#15 39.30    Compiling matchers v0.2.0
#15 40.34    Compiling tinystr v0.8.2
#15 40.51    Compiling potential_utf v0.1.4
#15 40.83    Compiling icu_locale_core v2.1.1
#15 40.89    Compiling icu_collections v2.1.1
#15 41.25    Compiling tracing v0.1.44
#15 41.51    Compiling strum v0.28.0
#15 41.54    Compiling bzip2 v0.4.4
#15 41.73    Compiling ratatui-core v0.1.2
#15 41.97    Compiling rhai_codegen v3.1.0
#15 42.12    Compiling pest_derive v2.8.6
#15 42.36    Compiling globwalk v0.9.1
#15 42.97    Compiling flate2 v1.1.9
#15 43.05    Compiling aes v0.8.4
#15 43.67    Compiling sharded-slab v0.1.7
#15 44.08    Compiling xattr v1.6.1
#15 44.12    Compiling sha1 v0.10.6
#15 44.53    Compiling clap v4.6.0
#15 44.66    Compiling icu_provider v2.1.1
#15 44.83    Compiling clap_complete v4.6.0
#15 45.07    Compiling http-body-util v0.1.4
#15 45.68    Compiling icu_properties v2.1.2
#15 45.84    Compiling icu_normalizer v2.1.1
#15 45.88    Compiling tracing-log v0.2.0
#15 45.95    Compiling console v0.15.11
#15 45.98    Compiling filetime v0.2.27
#15 46.39    Compiling console v0.16.4
#15 46.49    Compiling spinning_top v0.3.0
#15 46.69    Compiling thread_local v1.1.9
#15 46.73    Compiling no-std-compat v0.4.1
#15 46.86    Compiling nu-ansi-term v0.50.3
#15 46.92    Compiling thin-vec v0.2.18
#15 47.46    Compiling nonzero_ext v0.3.0
#15 47.67    Compiling unit-prefix v0.5.2
#15 47.73    Compiling hashbrown v0.14.5
#15 47.99    Compiling ratatui-widgets v0.3.2
#15 48.37    Compiling chrono v0.4.44
#15 48.43    Compiling serde_spanned v0.6.9
#15 48.66    Compiling toml_datetime v0.6.11
#15 49.03    Compiling serde_urlencoded v0.7.1
#15 49.62    Compiling futures-executor v0.3.32
#15 50.16    Compiling toml_edit v0.22.27
#15 50.24    Compiling ratatui-crossterm v0.1.2
#15 50.38    Compiling futures v0.3.32
#15 50.59    Compiling home v0.5.12
#15 51.00    Compiling idna_adapter v1.2.1
#15 51.04    Compiling futures-timer v3.0.3
#15 51.07    Compiling fixedbitset v0.4.2
#15 51.11    Compiling byteorder v1.5.0
#15 51.12    Compiling constant_time_eq v0.1.5
#15 51.28    Compiling idna v1.1.0
#15 51.37    Compiling match_cfg v0.1.0
#15 51.52    Compiling rustc-hash v2.1.1
#15 51.56    Compiling shell-words v1.1.1
#15 51.75    Compiling dashmap v5.5.3
#15 51.84    Compiling petgraph v0.6.5
#15 52.00    Compiling dialoguer v0.11.0
#15 52.15    Compiling governor v0.6.3
#15 52.19    Compiling hostname v0.3.1
#15 52.22    Compiling which v6.0.3
#15 52.24    Compiling indicatif v0.18.6
#15 52.51    Compiling rhai v1.24.0
#15 52.93    Compiling url v2.5.8
#15 53.51    Compiling tracing-subscriber v0.3.23
#15 53.59    Compiling clap_complete_nushell v4.6.0
#15 53.64    Compiling tar v0.4.45
#15 55.86    Compiling ratatui-macros v0.7.2
#15 56.04    Compiling ratatui v0.30.2
#15 57.61    Compiling hyper v1.11.0
#15 57.96    Compiling tower v0.5.3
#15 58.36    Compiling tokio-util v0.7.18
#15 58.71    Compiling cron v0.12.1
#15 59.46    Compiling async-trait v0.1.89
#15 59.53    Compiling dirs v5.0.1
#15 60.78    Compiling rustls-webpki v0.103.13
#15 61.04    Compiling tower-http v0.6.11
#15 61.67    Compiling uuid v1.23.1
#15 63.02    Compiling hyper-util v0.1.20
#15 63.16    Compiling toml v0.8.23
#15 63.48    Compiling fs2 v0.4.3
#15 63.55    Compiling version-compare v0.1.1
#15 63.58    Compiling hex v0.4.3
#15 63.90    Compiling semver v1.0.27
#15 67.14    Compiling tera v1.20.1
#15 67.92    Compiling xz2 v0.1.7
#15 69.73    Compiling mlua v0.9.9
#15 85.94    Compiling tokio-rustls v0.26.4
#15 86.40    Compiling hyper-rustls v0.27.9
#15 86.76    Compiling reqwest v0.12.28
#15 94.17    Compiling zstd v0.11.2+zstd.1.5.2
#15 94.54    Compiling zip v0.6.6
#15 101.2    Compiling shall v0.8.0 (/src)
#15 354.7     Finished `release` profile [optimized] target(s) in 5m 54s
#15 DONE 355.1s

#16 exporting to image
#16 exporting layers
#16 exporting layers 176.3s done
#16 exporting manifest sha256:9eeb3b761297fd1304677daaebd70cc994df6483fe12e91989c573c171e0b86c 0.1s done
#16 exporting config sha256:39e8a426797bf1d204e86ef1f1a1bd16e356e87021d89edc6c2c5328b3848597 0.1s done
#16 exporting attestation manifest sha256:dceca71f67c66e62fa4b687f9d28ff5224dadb7b9cfd0764fd8eb338fff7e0c1
#16 exporting attestation manifest sha256:dceca71f67c66e62fa4b687f9d28ff5224dadb7b9cfd0764fd8eb338fff7e0c1 0.2s done
#16 exporting manifest list sha256:45a8f39ede88f4061c520cd8201b898145f0aeecc9f173cb71fe6ccaa7627ce9
#16 exporting manifest list sha256:45a8f39ede88f4061c520cd8201b898145f0aeecc9f173cb71fe6ccaa7627ce9 0.1s done
#16 naming to docker.io/library/shall-it-ubuntu:latest 0.0s done
#16 unpacking to docker.io/library/shall-it-ubuntu:latest
#16 unpacking to docker.io/library/shall-it-ubuntu:latest 83.6s done
#16 DONE 260.5s
